Unnamed: 0,property_type,state,lat,lon,area_m2,price_usd
1,house,Estado de México,19.560181,-99.233528,150,67965.56
2,house,Nuevo León,25.6884355,-100.1988071,186,63223.78
3,apartment,Guerrero,16.767704,-99.764383,82,84298.37
4,apartment,Guerrero,16.829782,-99.911012,150,94308.8
6,house,Yucatán,21.05258302,-89.53863859,205,105191.37
7,house,Querétaro,20.7163149,-100.4525027,320,274034.68
10,house,Morelos,18.8126047,-98.9548261,281,151509.56
11,house,Chiapas,16.769737,-93.088928,140,79029.72
12,house,Estado de México,19.30540733,-99.64694828,235,115937.75
13,house,Morelos,18.804197,-98.932816,117,63223.78
14,apartment,Guerrero,16.775165,-99.789939,117,157269.15
15,house,Yucatán,21.0483333,-89.6780555,193,104607.47
16,house,Estado de México,19.560181,-99.233528,85,63238.77
17,house,Tabasco,18.01408208,-92.8963995,135,77994.48
18,apartment,Distrito Federal,19.390748,-99.158695,127,131716.2
19,apartment,Yucatán,21.33715074,-89.32268858,208,203167.1
20,house,Distrito Federal,19.337652,-99.2233268,297,264390.77
21,house,Nayarit,21.518174,-104.9074948,173,63238.77
22,house,Morelos,18.855343,-99.241142,73,36775.16
23,apartment,Puebla,19.0248763,-98.1945109,170,173570.3
24,apartment,Distrito Federal,19.403334,-99.157755,129,131716.2
25,apartment,Distrito Federal,19.428152,-99.106194,68,67175.26
26,house,Puebla,18.991881,-98.275275,334,262905.55
27,house,Veracruz de Ignacio de la Llave,25.624891,-103.397214,106,40041.72
28,house,Yucatán,20.997143,-89.601028,132,64556.24
29,house,Sinaloa,23.239141,-106.412613,104,44783.51
30,apartment,Distrito Federal,19.430141,-99.172536,97,104846.1
32,house,Estado de México,19.538595,-99.180214,200,158059.45
34,apartment,Yucatán,21.030668,-89.599258,80,84845.35
35,house,Tabasco,17.893124,-92.92127323,70,39514.86
36,house,Chiapas,16.717077,-93.162903,240,158059.45
39,house,Tamaulipas,22.3261979,-97.8885244,188,92223.21
40,house,Yucatán,21.0231861,-89.5863038,253,129639.48
41,apartment,Distrito Federal,19.39365,-99.14769,128,120125.18
42,house,Veracruz de Ignacio de la Llave,25.569582,-103.33239,350,158059.45
44,house,Veracruz de Ignacio de la Llave,25.581369,-103.377648,133,51632.75
46,house,Puebla,19.0412967,-98.2061996,250,155461.98
47,house,Distrito Federal,19.390301,-99.11161,187,126447.56
49,house,Veracruz de Ignacio de la Llave,19.101803,-96.163884,127,51662.25
50,apartment,Puebla,19.026517,-98.214364,102,97598.5
51,house,Jalisco,23.634501,-102.552788,107,57955.13
52,house,Yucatán,21.075163,-89.516731,242,108534.15
53,house,Distrito Federal,19.3605334,-99.2267067,245,247626.47
54,apartment,Distrito Federal,19.351369,-99.248993,90,86300.46
55,apartment,Distrito Federal,19.412142,-99.146127,75,44794.13
56,apartment,Puebla,18.987232,-98.206947,93,40841.7
58,house,Estado de México,19.715134,-99.214828,126,95309.84
59,house,Distrito Federal,19.374069,-99.01932,300,150719.07
60,house,San Luis Potosí,22.133745,-101.016029,132,81683.41
61,house,Morelos,18.804197,-98.932816,130,65858.1
62,apartment,Yucatán,21.0294432,-89.6322061,237,192087.77
63,house,Sinaloa,24.8093254,-107.4692179,96,60603.82
64,apartment,Distrito Federal,19.33923,-99.218987,102,237089.17
65,house,Baja California,32.493049,-116.907481,76,41095.45
66,house,Hidalgo,20.1254846,-98.7362998,229,158096.93
67,house,Morelos,18.960244,-99.212962,305,227351.46
68,house,Puebla,23.634501,-102.552788,128,67438.69
69,house,Estado de México,19.53808025,-99.23847934,240,136984.85
70,house,Quintana Roo,21.129547,-86.817017,135,93781.94
71,house,Nuevo León,25.5683841,-100.2439723,320,205477.28
74,apartment,Tamaulipas,22.217112,-97.854477,170,43887.84
75,house,Guerrero,16.860338,-99.870399,168,94835.67
77,house,Veracruz de Ignacio de la Llave,19.109509,-96.111477,220,105372.96
78,house,Guerrero,16.771518,-99.772466,180,79029.72
79,house,Querétaro,23.634501,-102.552788,250,176499.72
80,apartment,Yucatán,21.0307114,-89.6181018,157,81630.71
81,house,Querétaro,20.6536084,-100.3469826,128,105372.96
82,house,Estado de México,19.650003,-99.220367,135,126477.54
84,house,Nuevo León,25.708134,-100.145821,60,34254.33
85,house,Nuevo León,25.751371,-100.238281,185,72707.34
86,apartment,Distrito Federal,19.351371,-99.161529,60,35563.37
87,house,Distrito Federal,19.298899,-99.208048,300,207057.88
88,house,Veracruz de Ignacio de la Llave,25.581989,-103.378005,220,76395.4
89,house,Tamaulipas,26.074236,-98.349915,200,126447.56
90,house,Quintana Roo,21.15048247,-86.81568548,261,216014.58
92,house,Jalisco,20.785506,-103.442286,98,52423.05
93,apartment,Distrito Federal,19.374421,-99.13907,72,118386.52
94,house,Yucatán,20.99947,-89.642815,211,63238.77
96,house,Estado de México,19.533243,-99.227295,200,173865.39
97,house,Querétaro,20.705742,-100.444016,300,226551.88
98,house,Sonora,29.058504,-110.978981,185,34254.33
99,house,Puebla,18.99466,-98.2761016,178,139652.29
100,house,Sinaloa,24.754314,-107.402241,280,84298.37
102,house,Estado de México,19.544106,-99.112656,131,68492.42
104,house,Chihuahua,28.6329957,-106.0691004,115,63238.77
105,house,Yucatán,20.99214914,-89.5655331,121,65873.72
106,house,San Luis Potosí,22.141575,-100.900192,108,50591.01
107,house,Distrito Federal,19.499857,-99.097517,300,126447.56
108,apartment,Distrito Federal,19.381729,-99.164986,80,142253.5
109,house,Morelos,18.942068,-99.242531,290,242415.29
110,house,Puebla,19.087196,-98.288637,148,72707.34
111,house,Veracruz de Ignacio de la Llave,19.1616453,-96.154687,290,147557.13
112,house,Puebla,18.989595,-98.203529,200,150192.08
113,house,Morelos,18.917542,-98.963181,220,110641.61
115,house,Yucatán,20.9993534,-89.5910162,192,86953.31
117,house,Baja California Sur,24.14994473,-110.3169306,176,131747.44
119,apartment,Distrito Federal,19.384533,-99.183172,120,189716.32
120,house,Distrito Federal,19.317922,-99.236124,350,176499.72
121,house,Estado de México,19.696592,-99.231445,87,152000.5
122,apartment,Distrito Federal,19.38250406,-99.15803991,78,137017.34
123,apartment,Distrito Federal,19.401819,-99.184615,75,78502.86
124,house,Puebla,18.998509,-98.179484,200,102738.64
125,apartment,San Luis Potosí,22.1418,-101.027344,114,88270.78
126,house,Yucatán,21.072905,-89.65963,266,111721.83
127,house,Nuevo León,25.6318511,-100.170963,204,51644.99
128,house,Estado de México,19.283869,-99.588992,70,57006.77
129,house,Jalisco,20.532827,-103.483829,155,110641.61
130,house,Morelos,18.918608,-98.941094,247,142287.24
131,apartment,Jalisco,20.649012,-103.448288,88,82875.83
132,house,Yucatán,21.030668,-89.599258,175,120944.15
133,house,Zacatecas,23.634501,-102.552788,170,89567.02
134,apartment,Distrito Federal,19.380937,-99.179545,98,197100.13
135,apartment,Estado de México,19.559799,-99.233795,60,34599.16
136,house,Yucatán,21.072905,-89.65963,127,47417.83
137,house,Distrito Federal,19.367215,-99.222138,180,116173.69
139,house,Puebla,19.044477,-98.328011,326,326733.66
140,house,Veracruz de Ignacio de la Llave,18.134026,-94.476112,210,247626.47
141,house,Veracruz de Ignacio de la Llave,25.572505,-103.425036,330,121178.91
143,house,Estado de México,19.290517,-99.694921,157,105372.96
144,house,Jalisco,20.788616,-103.435217,156,123813.23
145,apartment,Nuevo León,25.6526883,-100.4122654,101,160866.42
146,house,Nuevo León,25.680067,-100.458626,336,142253.5
147,house,Estado de México,19.305643,-98.901535,120,42159.18
148,house,Estado de México,19.684991,-99.225298,60,37670.83
149,house,Yucatán,21.008295,-89.591019,282,123052.11
150,apartment,Guerrero,16.8572859,-99.9089643,130,104870.96
151,house,San Luis Potosí,22.093321,-100.895958,110,46840.27
152,house,Puebla,23.634501,-102.552788,156,94835.67
153,house,San Luis Potosí,22.1387477,-101.0181525,200,97469.99
154,house,Estado de México,19.428043,-99.227384,309,306529.96
155,house,Hidalgo,20.059217,-98.790423,200,136984.85
156,house,Yucatán,21.292982,-89.603973,100,139652.29
157,house,Morelos,18.903454,-99.056687,145,89567.02
158,house,Distrito Federal,19.411699,-99.166247,120,230874.8
159,house,Morelos,18.89179165,-99.22272205,183,147557.13
160,house,Yucatán,21.0424858,-89.5568382,107,50579.02
161,apartment,Querétaro,20.711874,-100.448934,140,102211.77
162,apartment,Distrito Federal,19.428152,-99.106194,67,79029.72
163,house,Estado de México,19.234822,-99.559659,115,105372.96
164,house,Estado de México,19.558449,-99.22973,180,67965.56
165,house,Chihuahua,28.652079,-106.109581,227,110641.61
167,house,Nuevo León,25.707024,-100.21376,250,110667.85
168,house,Aguascalientes,21.878481,-102.332787,215,136490.35
169,house,Veracruz de Ignacio de la Llave,19.155567,-96.13928,165,60589.45
170,house,Hidalgo,20.05687984,-98.76537555,200,68508.67
171,house,Nuevo León,25.634661,-100.295769,242,76413.51
172,apartment,Distrito Federal,19.367931,-99.170262,120,120652.04
173,house,Distrito Federal,19.360526,-99.301674,220,87703.06
174,house,Distrito Federal,19.464398,-99.113317,304,259470.39
175,house,Puebla,19.01195,-98.219383,385,237089.17
177,apartment,Yucatán,21.2929822,-89.6039725,255,236144.12
178,house,Distrito Federal,19.351396,-99.130999,225,237089.17
179,house,Morelos,18.93409,-99.254997,218,143530.93
180,house,Querétaro,20.6990975,-100.4705682,276,131747.44
181,house,Yucatán,21.030668,-89.599258,100,79029.72
183,house,Yucatán,20.996355,-89.583946,201,92223.21
184,house,Puebla,18.983141,-98.265739,135,42149.18
185,house,Estado de México,19.2826098,-99.6556653,90,56387.9
187,house,Tamaulipas,22.4107891,-97.9342897,176,60603.82
188,house,Tabasco,18.263374,-93.179222,104,39514.86
189,house,Distrito Federal,19.396669,-99.067626,220,110050.31
190,house,Yucatán,21.039522,-89.563911,174,65858.1
191,house,Estado de México,19.545097,-99.21289,233,171306.94
192,apartment,Puebla,19.054064,-98.245911,95,84318.36
193,house,Estado de México,19.62378,-99.199085,153,108007.29
194,house,Sinaloa,23.240411,-106.432565,189,63118.4
195,apartment,Distrito Federal,19.452331,-99.177162,90,73234.21
196,house,Quintana Roo,21.129547,-86.817017,275,173865.39
198,apartment,Distrito Federal,19.342083,-99.0532159,86,90115.25
199,house,Nuevo León,25.702822,-100.304192,148,94594.66
201,house,Veracruz de Ignacio de la Llave,19.563358,-96.939697,110,39524.23
202,house,Veracruz de Ignacio de la Llave,19.205341,-96.197784,130,84298.37
203,house,Yucatán,21.0424858,-89.5568382,185,76677.01
204,apartment,Guerrero,16.829584,-99.9083,154,114487.72
205,house,Querétaro,20.726007,-100.442642,273,181811.47
206,house,San Luis Potosí,23.634501,-102.552788,187,94308.8
207,house,Distrito Federal,19.395069,-99.204927,110,84825.23
208,apartment,Distrito Federal,19.400004,-99.16735,94,217911.29
209,house,Tabasco,17.979631,-92.965249,100,65858.1
210,house,Querétaro,20.5887932,-100.3898881,84,49537.03
211,house,Yucatán,21.006756,-89.570984,162,76413.51
212,house,Yucatán,21.013465,-89.591041,239,283558.65
213,house,Chiapas,19.671066,-101.213341,175,92201.34
214,house,Veracruz de Ignacio de la Llave,18.1495073,-94.4422,200,158096.93
215,house,Nuevo León,25.7418083,-100.4057781,211,124501.99
216,house,Yucatán,20.968147,-89.629875,123,41095.45
217,house,Tamaulipas,22.2621259,-97.8238578,141,78502.86
219,house,Jalisco,20.767952,-103.40899,148,96363.57
221,house,Morelos,18.795519,-99.231445,150,67438.69
222,apartment,Distrito Federal,19.449392,-99.138544,70,42676.05
223,apartment,Quintana Roo,21.15640821,-86.84881411,95,68508.67
224,house,Tamaulipas,22.3160889,-97.8884841,165,76940.5
225,apartment,Distrito Federal,19.486255,-99.214043,65,46890.97
227,apartment,Distrito Federal,19.36594,-99.163153,85,106848.18
228,house,Veracruz de Ignacio de la Llave,19.146434,-96.161783,91,42149.18
233,house,Yucatán,21.035221,-89.635757,204,93781.94
234,house,Guerrero,16.86432868,-99.88790821,170,115937.75
235,house,Querétaro,20.726007,-100.442642,180,109324.45
236,house,Sinaloa,23.261934,-106.408936,124,67702.13
237,house,Quintana Roo,21.139086,-86.84964,66,36880.53
238,house,Veracruz de Ignacio de la Llave,25.535524,-103.379302,276,63223.78
240,house,Yucatán,21.0043658,-89.5614233,79,36889.28
241,apartment,Distrito Federal,19.364613,-99.161892,70,93255.07
242,apartment,Distrito Federal,19.366505,-99.222297,72,64281.19
244,house,Querétaro,20.6521079,-100.3491545,250,144922.18
245,house,Yucatán,21.03504976,-89.59907413,137,78995.76
246,apartment,Distrito Federal,19.354947,-99.087529,65,37386.32
247,house,Yucatán,21.008295,-89.591019,142,91169.23
248,house,Querétaro,20.6476044,-100.35253,150,104319.23
249,house,Yucatán,21.030668,-89.599258,305,184182.92
250,house,Distrito Federal,19.371317,-99.140957,300,123981.3
251,apartment,Veracruz de Ignacio de la Llave,19.1356101,-96.1142685,105,50064.02
252,apartment,Distrito Federal,19.377169,-99.187643,90,56514.99
253,apartment,Distrito Federal,19.381591,-99.165397,124,270872.74
256,house,Yucatán,21.039522,-89.563911,230,92223.21
257,house,Jalisco,20.755833,-103.413251,180,144887.83
260,house,Estado de México,19.27223,-99.575691,300,184446.42
261,apartment,Veracruz de Ignacio de la Llave,19.191416,-96.127518,70,62448.28
262,house,San Luis Potosí,22.121187,-100.951736,154,57968.87
263,house,Tabasco,17.987557,-92.929147,150,71126.75
266,house,Estado de México,19.4653884,-99.5940417,70,39524.23
267,house,Morelos,18.8493694,-98.9479805,250,84298.37
268,house,Yucatán,21.05294348,-89.66792107,141,62975.27
269,house,Morelos,18.942068,-99.242531,320,289844.37
270,house,Guerrero,16.808875,-99.821739,104,102738.64
271,apartment,Estado de México,19.531773,-99.245873,174,326656.19
272,house,Tamaulipas,25.860595,-97.504808,212,71126.75
273,house,Guanajuato,21.1666103,-101.6315416,210,131716.2
274,house,Morelos,18.882006,-99.148384,240,100104.31
275,apartment,Puebla,19.002178,-98.271063,87,173986.78
276,house,Estado de México,19.425918,-99.230123,300,215222.62
278,house,Morelos,18.8736789,-99.1922665,257,188398.84
279,house,San Luis Potosí,22.186096,-101.005652,240,144887.83
281,house,Yucatán,21.075163,-89.516731,189,86932.69
283,house,Puebla,18.984862,-98.222234,289,226551.88
284,apartment,Distrito Federal,19.3650311,-99.1477363,83,139652.29
285,apartment,Morelos,18.917393,-99.221062,127,57955.13
286,house,Distrito Federal,19.399375,-99.149986,95,246994.23
287,house,Baja California,32.5622552,-115.3169575,75,42149.18
288,apartment,Distrito Federal,19.452689,-99.117987,60,36269.27
289,house,Distrito Federal,19.336104,-99.101761,70,50087.3
290,house,Zacatecas,23.634501,-102.552788,138,63223.78
292,house,Jalisco,20.567506,-103.48332,149,110588.92
293,house,Nayarit,20.722561,-105.270132,84,39514.86
295,apartment,Distrito Federal,19.3987957,-99.1594498,110,274034.68
296,house,San Luis Potosí,22.1176283,-101.0151243,380,266066.74
297,house,Yucatán,21.006756,-89.570984,90,39462.17
298,house,Veracruz de Ignacio de la Llave,25.510739,-103.357425,140,39514.86
299,house,Tamaulipas,22.2695545,-97.8750355,140,71301.71
301,house,Estado de México,19.3308425,-99.5817205,140,121207.64
302,house,Estado de México,19.2398293,-99.617673,332,242415.29
303,house,Estado de México,19.4689569,-99.2727792,372,144887.83
304,house,Morelos,18.917542,-98.963181,200,131747.44
307,house,Tabasco,17.97280546,-92.95154875,134,104343.97
308,house,Nuevo León,25.79255,-100.274638,159,74972.86
309,apartment,Distrito Federal,19.3928136,-99.1738213,112,312957.71
310,house,Sinaloa,24.804811,-107.46476,95,47417.83
311,house,Aguascalientes,21.905983,-102.286817,157,41622.32
312,house,Morelos,18.900945,-99.232574,279,142253.5
313,house,Tamaulipas,22.2900902,-97.8437788,75,34254.33
314,apartment,Distrito Federal,19.375374,-99.137657,80,34077.61
315,house,Nuevo León,25.660711,-100.289459,222,118544.58
317,apartment,Puebla,19.02065826,-98.22384596,100,103606.19
318,house,Yucatán,20.96083848,-89.62156874,160,52159.61
319,apartment,Distrito Federal,19.409369,-99.171906,83,263494.89
321,house,Nuevo León,25.7584835,-100.4052434,131,92023.21
322,house,Nuevo León,25.712547,-100.249496,210,83000.89
323,house,Yucatán,21.05119626,-89.53858227,168,80112.98
325,house,Puebla,19.09276402,-98.22678055,100,51644.99
327,house,Jalisco,20.792152,-103.475021,104,39514.86
328,house,Guanajuato,21.121012,-101.600136,207,121207.64
330,house,San Luis Potosí,22.18307725,-101.0302325,92,34781.32
331,apartment,Distrito Federal,19.404032,-99.179694,103,209902.95
333,house,Morelos,18.814863,-99.211439,97,68492.42
334,apartment,Distrito Federal,19.368544,-99.163605,105,284507.01
335,house,Puebla,19.0550344,-98.2731403,330,189716.32
336,house,Yucatán,21.04307817,-89.55160305,190,89061.27
337,house,Estado de México,19.699144,-98.978363,180,68492.42
338,apartment,Distrito Federal,19.341894,-99.224525,96,156958.3
339,house,Querétaro,20.596285,-100.357695,300,144887.83
341,apartment,Puebla,19.035632,-98.223132,92,109587.88
342,house,Puebla,19.0217424,-98.2604216,215,155461.98
343,house,Chiapas,19.987465,-102.284888,330,210745.93
344,apartment,Morelos,18.957352,-99.260544,76,52698.97
345,house,Morelos,18.845494,-99.20547,136,71765.83
346,apartment,Distrito Federal,19.366901,-99.297272,65,109387.67
347,house,San Luis Potosí,22.18408015,-101.0286072,110,39830.98
348,house,Estado de México,19.615452,-99.206348,70,47681.26
349,house,Estado de México,19.590134,-99.280419,100,44783.51
350,house,Distrito Federal,19.473907,-99.177444,320,91042.24
351,house,San Luis Potosí,22.149093,-100.889863,180,45321.12
353,house,Estado de México,19.641889,-99.1774462,250,79048.46
354,house,Veracruz de Ignacio de la Llave,19.089373,-96.130805,168,94835.67
355,house,Querétaro,20.606224,-100.329168,165,97469.99
356,house,Yucatán,21.001256,-89.600723,325,183296.27
359,apartment,Nuevo León,25.7302897,-100.3965403,160,104497.22
361,house,Puebla,19.004742,-98.235992,180,63223.78
362,house,Morelos,18.920158,-99.180214,85,48734.99
363,house,Morelos,18.916586,-99.214371,272,262967.9
364,house,Puebla,19.063091,-98.296013,252,130873.22
365,apartment,Distrito Federal,19.371321,-99.140985,84,93465.82
366,apartment,Puebla,19.0378006,-98.3007086,120,166001.78
367,apartment,Distrito Federal,19.362824,-99.266178,162,210745.93
368,house,Chiapas,16.780325,-93.119637,180,105372.96
369,house,Yucatán,21.039522,-89.563911,178,60076.83
370,apartment,Distrito Federal,19.465454,-99.162665,69,75375.18
371,house,Jalisco,20.700756,-103.333385,300,94308.8
372,house,Baja California Sur,22.886851,-109.946872,94,50485.62
373,house,Querétaro,20.549404,-100.378563,110,76395.4
374,house,Distrito Federal,19.353288,-99.244721,150,136405.3
375,house,Estado de México,19.278994,-99.559006,136,89567.02
376,house,Puebla,18.985191,-98.186447,148,105372.96
377,apartment,Jalisco,20.67603,-103.425418,125,157479.9
380,apartment,Guerrero,16.87630091,-99.88293272,88,39260.73
381,house,Nayarit,21.525436,-104.923553,115,47429.08
382,apartment,Chiapas,16.748743,-93.066491,73,43202.91
383,apartment,Distrito Federal,19.432657,-99.177444,150,135085.08
384,house,Querétaro,20.618279,-100.346985,160,99601.06
385,house,Estado de México,19.72876,-99.461708,236,237145.4
386,house,Veracruz de Ignacio de la Llave,25.51506,-103.413092,230,44783.51
388,house,Querétaro,20.419854,-99.998039,89,40568.59
389,house,Morelos,18.804197,-98.932816,117,65858.1
390,apartment,San Luis Potosí,22.133104,-100.982117,100,53740.21
391,apartment,Distrito Federal,19.400249,-99.177444,150,273969.71
393,house,Yucatán,21.03071,-89.618103,382,223970.65
394,house,Jalisco,20.649154,-105.202538,90,33719.34
395,house,Baja California,32.426032,-117.033916,140,62570.46
396,house,Tamaulipas,26.058614,-98.322969,252,66933.76
397,house,Veracruz de Ignacio de la Llave,25.599048,-103.412397,189,64277.51
398,house,Baja California Sur,24.129181,-110.31971,110,68492.42
399,house,Tamaulipas,22.238298,-97.841892,200,110641.61
400,house,Puebla,19.046561,-98.190349,110,100735.92
401,apartment,Distrito Federal,19.451872,-99.173522,70,66911.83
402,house,Estado de México,19.253367,-99.606303,260,324021.87
403,house,Sonora,29.0287123,-110.97103,200,47417.83
404,apartment,Distrito Federal,19.45569471,-99.16357613,76,121355.2
405,house,Jalisco,20.7670434,-103.3941011,195,135931.12
406,apartment,Distrito Federal,19.336195,-99.23692,100,74920.17
408,house,San Luis Potosí,22.1564699,-100.9855409,110,39524.23
410,house,Yucatán,21.0634817,-89.6110378,296,137017.34
411,house,Yucatán,21.135925,-89.6446768,200,79029.72
412,house,Querétaro,20.547818,-100.407691,80,51632.75
413,house,Morelos,18.954132,-99.266083,210,86932.69
414,house,Quintana Roo,21.152508,-86.850891,180,89040.15
415,house,Morelos,18.882725,-99.163605,112,86953.31
416,house,Tabasco,17.97423,-92.923836,60,34246.21
417,house,Chiapas,16.740764,-93.089951,148,84298.37
418,house,Nuevo León,25.764894,-100.264221,160,65858.1
419,apartment,Querétaro,20.60782,-100.366721,110,131716.2
420,house,Distrito Federal,19.469688,-99.085456,248,176541.57
421,apartment,Distrito Federal,19.27112369,-99.20883894,72,40645.77
422,apartment,Jalisco,20.723133,-103.418115,84,178080.31
424,house,Chiapas,16.76764,-93.178283,250,173865.39
425,house,Yucatán,20.9673702,-89.5925857,290,123315.6
426,house,Yucatán,21.017197,-89.574516,158,102763.0
427,house,Morelos,18.862602,-99.213448,320,173906.62
428,house,Veracruz de Ignacio de la Llave,19.123617,-96.113161,220,99577.45
429,house,Distrito Federal,19.355938,-99.129918,200,315618.38
430,house,Baja California Sur,19.35913,-98.983431,189,62696.91
431,house,Yucatán,20.989016,-89.632225,300,131747.44
434,house,Veracruz de Ignacio de la Llave,25.453195,-100.935486,203,94818.28
435,house,Yucatán,20.938659,-89.615316,173,50052.15
436,house,Tamaulipas,22.270658,-97.849037,263,176541.57
437,house,Chiapas,16.78141,-93.096451,87,51381.5
439,house,Chiapas,19.691938,-101.176615,220,155425.12
440,house,Estado de México,19.64079,-99.098691,105,68492.42
441,apartment,Puebla,19.011347,-98.246264,139,179134.04
442,house,Jalisco,20.647029,-103.454953,122,77975.99
443,house,Morelos,18.905066,-99.224869,120,121178.91
444,house,Veracruz de Ignacio de la Llave,19.06681288,-96.07347608,271,173865.39
446,house,Querétaro,20.705742,-100.444016,350,184446.42
447,house,Estado de México,19.54323,-99.222374,181,154950.94
448,house,Sinaloa,24.8090649,-107.3940117,212,112222.21
449,house,Tamaulipas,25.872879,-97.509221,287,115910.26
450,house,Distrito Federal,19.373264,-99.104161,250,135430.6
451,apartment,Distrito Federal,19.383952,-99.160229,100,174140.42
452,house,Chiapas,16.757278,-93.134056,298,181084.17
453,house,Tamaulipas,22.320061,-97.86808,67,35835.3
454,house,Guanajuato,20.58343642,-101.1981905,180,131747.44
455,apartment,Distrito Federal,19.396018,-99.147827,80,183989.52
456,house,Chiapas,19.646418,-101.238213,153,97469.99
457,house,Estado de México,19.5896123,-99.2907617,60,34254.33
458,house,Querétaro,20.631845,-100.390495,315,237089.17
460,house,Baja California Sur,24.083153,-110.303329,65,33358.45
461,house,Veracruz de Ignacio de la Llave,19.144342,-96.139002,140,68492.42
462,house,Estado de México,19.272027,-99.553293,107,71653.61
465,house,Hidalgo,20.1010608,-98.7591311,320,192305.66
466,house,Veracruz de Ignacio de la Llave,18.1495449,-94.5140773,104,57955.13
467,apartment,Distrito Federal,19.333901,-99.240356,85,179134.04
468,apartment,Distrito Federal,19.390031,-99.174182,108,209692.2
469,house,Nuevo León,25.781807,-100.187794,155,65858.1
471,house,Querétaro,20.7012562,-100.4654217,295,187081.37
472,apartment,Distrito Federal,19.365834,-99.263505,126,180187.77
473,house,Yucatán,20.9637793,-89.6612548,249,44783.51
474,apartment,Estado de México,19.404701,-99.292419,300,284047.49
475,house,Veracruz de Ignacio de la Llave,18.879525,-96.921847,123,55320.8
476,house,Puebla,18.978682,-98.250015,162,88513.29
477,house,Querétaro,20.6205869,-100.388042,322,209955.63
480,apartment,Nuevo León,25.654263,-100.297874,114,55333.92
481,house,Estado de México,19.180459,-99.590174,175,134382.39
482,apartment,Durango,24.010702,-104.613602,88,43213.16
483,apartment,Distrito Federal,19.474655,-99.189277,60,40041.72
484,apartment,Querétaro,20.65449,-100.384446,160,250320.14
485,house,Veracruz de Ignacio de la Llave,25.569556,-103.383702,244,101158.04
486,house,Morelos,18.813505,-98.953514,66,34246.21
487,house,Quintana Roo,21.118165,-86.880921,189,118544.58
488,apartment,Tabasco,17.972448,-92.960579,104,57968.87
489,house,Veracruz de Ignacio de la Llave,19.165146,-96.160652,220,139619.18
490,apartment,Distrito Federal,19.3499358,-99.2906864,78,147557.13
491,apartment,Estado de México,19.402713,-99.27547,130,101196.61
493,house,Morelos,18.948109,-99.26886,200,155461.98
494,house,Querétaro,20.5887932,-100.3898881,334,279238.36
495,apartment,Distrito Federal,19.406592,-99.155442,90,224660.17
496,house,Nuevo León,25.677525,-100.258614,257,115937.75
499,house,Distrito Federal,19.318989,-99.094437,100,98523.72
500,house,Querétaro,20.712143,-100.454275,230,152790.8
501,house,Yucatán,21.01429,-89.605148,280,144922.18
502,house,Veracruz de Ignacio de la Llave,19.532306,-96.897717,100,60589.45
503,house,Veracruz de Ignacio de la Llave,19.173773,-96.1342241,160,52686.48
504,house,Veracruz de Ignacio de la Llave,19.139896,-96.109911,163,68492.42
506,house,Baja California,32.665619,-115.433372,134,133442.74
507,house,Tamaulipas,22.270658,-97.849037,93,65873.72
508,house,Yucatán,21.021821,-89.634346,235,110641.61
509,apartment,Querétaro,20.5887932,-100.3898881,178,316118.9
510,house,Veracruz de Ignacio de la Llave,19.142568,-96.125389,214,92728.21
511,house,Morelos,18.970675,-99.288261,333,156742.28
512,house,Morelos,18.813505,-98.953514,90,52686.48
514,house,Sonora,27.492618,-109.960496,270,147522.15
515,house,Quintana Roo,20.65593,-87.05368,210,225024.63
516,house,Baja California Sur,24.143626,-110.336274,180,226551.88
517,house,Guerrero,16.841759,-99.847374,97,67981.68
519,apartment,Veracruz de Ignacio de la Llave,19.125867,-96.106026,189,279238.36
520,house,Chihuahua,23.634501,-102.552788,200,42149.18
521,house,Jalisco,20.6081525,-103.3946675,150,43993.21
522,apartment,Yucatán,21.029198,-89.607506,200,139619.18
523,house,Morelos,18.927336,-99.213448,145,121178.91
524,house,Veracruz de Ignacio de la Llave,25.439677,-100.946717,172,90589.54
525,apartment,Distrito Federal,19.472481,-99.182374,75,80635.87
526,house,Estado de México,19.514382,-99.258682,150,77325.47
527,house,Distrito Federal,19.325355,-99.232561,136,306635.33
528,house,Yucatán,21.072905,-89.65963,250,110641.61
529,house,San Luis Potosí,22.14691,-101.038651,245,144922.18
530,house,Morelos,18.879347,-99.179871,184,136984.85
531,house,Tabasco,18.03410232,-92.98419938,161,125950.55
532,house,Morelos,23.634501,-102.552788,338,147522.15
533,house,Puebla,18.921051,-98.417053,116,91463.73
534,house,Puebla,19.014643,-98.170731,140,89588.26
535,house,Morelos,18.858107,-99.200287,78,34246.21
536,house,Morelos,18.945309,-99.22372,380,263432.41
537,house,Yucatán,21.0381057,-89.5933722,213,118572.7
538,apartment,Distrito Federal,19.474655,-99.189277,70,50064.02
539,house,Yucatán,21.072905,-89.65963,200,102763.0
540,house,Veracruz de Ignacio de la Llave,25.531834,-103.315276,150,41105.2
541,apartment,Nuevo León,25.651072,-100.342773,92,208160.96
542,house,Estado de México,19.499864,-99.050138,175,100104.31
543,house,Estado de México,19.555771,-99.248612,200,94256.11
544,house,San Luis Potosí,22.157743,-100.94397,225,75078.23
545,house,Nuevo León,25.6769684,-100.4508956,107,50052.15
546,house,San Luis Potosí,22.14700093,-101.0172996,160,109587.88
548,house,Guerrero,16.85678,-99.853204,280,200208.63
549,apartment,Estado de México,19.424913,-99.271629,69,57422.47
550,house,Estado de México,19.54966748,-99.01653931,90,50052.15
551,house,Guerrero,16.867283,-99.867119,150,139619.18
553,house,Morelos,18.811808,-98.94649,100,47417.83
555,apartment,Distrito Federal,19.396502,-99.128797,80,39946.36
557,apartment,Yucatán,21.017197,-89.574516,66,83771.5
558,house,Hidalgo,20.06499132,-98.76800179,100,57955.13
559,house,Tamaulipas,22.266645,-97.870796,296,210745.93
560,house,Estado de México,18.948179,-99.482277,170,131716.2
561,apartment,Yucatán,21.3421022,-89.2624626,202,210743.21
562,house,Puebla,19.044477,-98.328011,235,168636.73
563,house,Chihuahua,28.6556674,-106.0711926,159,68205.43
564,house,Distrito Federal,19.2826778,-99.2090757,161,144887.83
565,apartment,Distrito Federal,19.48888,-99.179278,70,51393.55
566,house,Chiapas,16.732222,-93.135307,240,131716.2
567,house,Veracruz de Ignacio de la Llave,23.634501,-102.552788,205,78766.29
568,house,Yucatán,21.0381057,-89.5933722,165,100075.35
569,apartment,Guerrero,16.801018,-99.824979,98,99577.45
570,house,Estado de México,19.6850991,-99.2113669,62,37943.26
572,house,Morelos,18.9212022,-99.1739857,125,62184.79
573,house,Yucatán,21.030668,-89.599258,320,189663.62
574,apartment,Puebla,18.96785528,-98.28487086,127,176979.24
575,house,Nuevo León,25.723516,-100.393311,365,242415.29
576,house,Yucatán,21.0151423,-89.6551671,180,68245.17
577,apartment,Quintana Roo,21.13593739,-86.76753902,84,84318.36
580,house,Morelos,18.891859,-99.187134,320,210795.91
582,apartment,Sinaloa,23.261248,-106.459885,61,40568.59
583,apartment,Distrito Federal,19.364891,-99.148384,62,84318.36
584,apartment,Distrito Federal,19.426528,-99.196279,60,218648.9
585,apartment,Estado de México,19.369319,-99.293444,150,128098.38
586,apartment,Chiapas,16.745249,-93.152699,73,43202.91
587,apartment,Distrito Federal,19.434723,-99.175887,80,131768.89
588,apartment,Distrito Federal,19.449392,-99.138544,65,42676.05
589,house,Estado de México,19.55134,-99.233528,260,316118.9
590,house,Querétaro,20.607178,-100.335754,104,77975.99
591,house,San Luis Potosí,22.16483221,-100.976522,125,51644.99
592,house,San Luis Potosí,22.16644588,-100.9547921,140,51644.99
593,house,Chiapas,16.771928,-93.105578,200,110667.85
595,house,Tamaulipas,22.246319,-97.86264,163,113302.8
596,house,Distrito Federal,19.365175,-99.230064,270,150683.34
597,apartment,Estado de México,19.379597,-99.293808,155,236091.42
600,house,Tlaxcala,19.312792,-98.216515,159,79029.72
601,house,Querétaro,23.634501,-102.552788,145,72707.34
602,house,Yucatán,21.039522,-89.563911,186,99577.45
604,house,San Luis Potosí,22.175159,-100.979996,188,72197.6
605,house,Puebla,19.11055714,-98.28005165,120,65858.1
607,house,Estado de México,19.64443,-99.098587,75,37943.26
608,house,Veracruz de Ignacio de la Llave,25.502705,-103.408554,190,42969.88
610,house,Veracruz de Ignacio de la Llave,25.461545,-100.883958,170,124340.1
611,apartment,Distrito Federal,19.478815,-99.196831,64,76395.4
612,house,Querétaro,20.611304,-100.386343,360,268701.06
613,house,Veracruz de Ignacio de la Llave,19.178049,-96.128845,160,84298.37
614,house,Veracruz de Ignacio de la Llave,20.955351,-97.404341,150,43729.78
616,house,Sonora,29.07683,-110.9871743,309,189716.32
617,apartment,Guerrero,23.634501,-102.552788,178,237145.4
618,house,Yucatán,21.039522,-89.563911,215,98656.43
619,house,Nuevo León,25.74317303,-100.3723396,138,53225.96
620,apartment,Morelos,18.97019398,-99.24238533,117,123813.23
621,house,Aguascalientes,21.88930425,-102.2563045,198,41105.2
623,apartment,Distrito Federal,19.298168,-99.113106,83,177695.7
625,house,Chiapas,16.734992,-93.102641,121,83771.5
626,house,Nuevo León,25.701321,-100.457924,164,47417.83
627,house,Aguascalientes,21.88585,-102.294085,185,142253.5
628,house,Jalisco,20.618633,-103.387465,150,73761.07
629,house,Nuevo León,25.67382016,-100.3135947,120,79048.46
630,house,Morelos,18.942068,-99.242531,200,184446.42
631,house,Querétaro,20.700323,-100.472563,269,147522.15
632,house,Veracruz de Ignacio de la Llave,25.558393,-103.385429,113,44941.57
633,house,Nuevo León,25.580088,-100.239685,234,201310.09
634,house,Sinaloa,23.283125,-106.406723,192,47417.83
635,house,Chiapas,16.752182,-93.088427,184,79029.72
636,apartment,Distrito Federal,19.3880398,-99.1695793,100,113302.8
637,house,San Luis Potosí,22.14691,-101.038651,150,81664.04
638,house,Morelos,18.936026,-99.216217,286,209692.2
639,house,Distrito Federal,19.328833,-99.133163,140,123813.23
640,house,Distrito Federal,19.455385,-99.209835,216,84318.36
641,house,Puebla,19.071239,-98.273949,240,126447.56
642,house,Estado de México,19.501955,-99.226952,196,226551.88
643,house,Morelos,18.866121,-99.231445,180,147522.15
644,house,Querétaro,20.726007,-100.442642,330,194986.21
646,house,Yucatán,21.075163,-89.516731,192,92542.77
647,house,Tlaxcala,19.435802,-98.10286,135,41095.45
648,house,Yucatán,20.9731555,-89.6229189,250,84318.36
649,house,Estado de México,19.159458,-99.565956,79,37943.26
651,house,Puebla,19.0412967,-98.2061996,109,36889.28
653,house,Sinaloa,24.817956,-107.434033,146,64804.37
655,apartment,Sinaloa,23.299184,-106.481557,230,269754.79
656,apartment,Distrito Federal,19.36243,-99.176957,70,40568.59
657,apartment,Distrito Federal,19.390062,-99.192293,64,94858.16
658,house,Nuevo León,25.7581963,-100.2665026,135,79029.72
659,house,Querétaro,20.556261,-100.370035,112,90620.75
660,house,Chiapas,16.744808,-93.179222,350,147557.13
661,house,Yucatán,21.02594686,-89.58423615,264,149928.59
663,apartment,Quintana Roo,21.15007472,-86.83164597,165,121178.91
664,house,Chiapas,16.734121,-92.626991,100,84298.37
665,house,Querétaro,20.705742,-100.444016,223,137017.34
666,apartment,Distrito Federal,19.400731,-99.125466,80,68070.93
668,apartment,Distrito Federal,19.33923,-99.218987,83,147522.15
669,apartment,Distrito Federal,19.365383,-99.16507,81,161826.53
671,house,Yucatán,21.030668,-89.599258,350,221283.23
672,house,Morelos,18.864874,-98.925911,60,34246.21
673,apartment,Distrito Federal,19.463009,-99.131106,81,102738.64
674,house,Yucatán,21.30856674,-89.53033447,380,210795.91
675,house,Distrito Federal,19.33427,-99.083374,100,68492.42
676,apartment,Distrito Federal,19.499434,-99.111916,85,112402.96
678,apartment,Distrito Federal,19.380937,-99.179545,98,197146.87
680,house,Yucatán,21.006866,-89.618103,305,168596.74
681,house,Veracruz de Ignacio de la Llave,19.109777,-96.106922,240,168596.74
682,house,Baja California,32.459403,-116.880827,114,73761.07
683,house,Puebla,19.101185,-98.357062,90,42149.18
684,house,Querétaro,20.394361,-99.973053,354,115910.26
685,house,Yucatán,21.065001,-89.6239875,155,71143.62
687,house,Querétaro,20.646841,-100.376117,86,45310.37
688,house,Morelos,18.897581,-99.07093,306,208160.96
689,house,Yucatán,21.072905,-89.65963,171,94278.47
691,house,Morelos,18.917542,-98.963181,182,97469.99
692,house,Veracruz de Ignacio de la Llave,20.948336,-97.362764,100,54267.07
693,apartment,Distrito Federal,19.396018,-99.147827,70,183989.47
694,house,Puebla,19.051815,-98.277669,198,115910.26
695,apartment,Distrito Federal,19.309208,-99.171906,70,77572.89
697,house,Yucatán,21.0506531,-89.5588406,334,137017.34
698,house,Yucatán,21.34379622,-89.26205993,130,110404.35
700,house,Querétaro,20.587378,-100.418361,106,56637.97
1,apartment,Nuevo León,25.721081,-100.345581,72,68421.05
3,house,Morelos,23.634501,-102.552788,360,278947.37
7,apartment,Estado de México,19.2720402,-99.572013,85,65789.47
8,house,San Luis Potosí,22.13888212,-100.9965101,158,111578.95
9,apartment,Distrito Federal,19.394558,-99.129707,65,39904.74
11,house,Veracruz de Ignacio de la Llave,19.1680666,-96.160663,100,35263.16
12,apartment,Distrito Federal,19.3261963,-99.14058611,74,157368.42
13,house,Yucatán,21.0552216,-89.6583682,220,112473.68
14,house,Chihuahua,28.691416,-106.13604,236,110526.32
16,apartment,Jalisco,20.641428,-103.417295,85,88947.37
17,house,San Luis Potosí,22.126078,-100.944672,131,55000.0
18,house,Puebla,19.03642362,-98.19941841,337,163157.89
19,apartment,Distrito Federal,19.367239,-99.186126,92,184210.53
20,apartment,Guerrero,16.851935,-99.844955,195,105263.16
21,house,Veracruz de Ignacio de la Llave,19.153019,-96.12487,207,144736.84
22,house,Nuevo León,25.75013289,-100.2701137,280,104736.84
23,apartment,Estado de México,19.536253,-99.240456,99,65789.47
24,house,Chiapas,19.673779,-101.187927,210,136842.11
25,house,Baja California,32.4690603,-116.8196303,111,71911.21
26,house,Yucatán,21.030771,-89.646347,150,63157.89
27,house,Chiapas,16.717077,-93.162903,170,94736.84
28,house,Morelos,18.813908,-99.201675,86,52631.58
29,apartment,Distrito Federal,19.473001,-99.087491,79,35841.58
30,house,Yucatán,21.072905,-89.65963,190,97368.42
31,house,Querétaro,20.618279,-100.346985,237,157894.74
32,house,Yucatán,21.075163,-89.516731,300,115263.16
33,house,Guerrero,16.86597275,-99.87171739,300,131578.95
36,house,Veracruz de Ignacio de la Llave,25.582705,-103.376805,232,81578.95
37,house,Yucatán,21.017197,-89.574516,220,92105.26
38,house,Hidalgo,20.036614,-98.77615,295,94736.84
39,house,Yucatán,21.0399331,-89.5965747,240,99473.68
40,house,Morelos,18.893921,-99.221429,160,150000.0
42,house,Veracruz de Ignacio de la Llave,25.545829,-103.38708,115,57894.74
43,house,Quintana Roo,21.139086,-86.84964,290,118421.05
44,house,Chiapas,19.681248,-101.209167,180,71052.63
45,apartment,Distrito Federal,19.271467,-99.146309,98,130842.11
46,house,Chiapas,19.724886,-101.118018,120,73684.21
47,house,Estado de México,19.420156,-99.249458,378,321052.63
49,house,Guanajuato,20.684505,-101.406695,280,189473.68
51,house,Puebla,18.984862,-98.222234,299,231578.95
52,house,Distrito Federal,19.289286,-99.158066,140,124210.53
53,house,San Luis Potosí,22.150696,-101.010025,172,81052.63
54,apartment,Distrito Federal,19.444924,-99.139843,60,46280.68
55,house,Tabasco,18.017324,-92.899362,98,36842.11
56,house,Puebla,19.014643,-98.170731,286,260526.32
58,house,Tamaulipas,22.258686,-97.851753,163,105263.16
59,house,Distrito Federal,19.378482,-99.220795,100,201061.21
60,house,Morelos,18.93409,-99.254997,240,178947.37
62,house,Yucatán,21.0315095,-89.600513,325,186842.11
63,apartment,Yucatán,21.072905,-89.65963,190,184210.53
64,apartment,Morelos,18.923538,-99.241848,110,57894.74
66,house,Querétaro,20.681293,-100.329622,155,97368.42
68,house,Morelos,18.821062,-98.949371,120,69473.68
69,apartment,Guerrero,16.8531086,-99.8236533,141,121052.63
70,apartment,Puebla,19.049024,-98.281669,127,88947.37
71,house,Tamaulipas,22.34005336,-97.88609952,165,89473.68
72,house,Morelos,18.862602,-99.213448,145,97368.42
74,apartment,Yucatán,21.018724,-89.589836,60,47105.26
75,house,Jalisco,20.569456,-103.50165,176,123684.21
77,apartment,Distrito Federal,19.3934457,-99.1796926,100,279193.58
79,apartment,Distrito Federal,19.436024,-99.15461,64,236842.11
80,apartment,Distrito Federal,19.378009,-99.193543,180,78189.47
81,apartment,Distrito Federal,19.416294,-99.16748,117,289421.05
83,house,Morelos,18.859078,-99.176287,82,40000.0
84,house,Querétaro,20.692161,-100.465025,258,147368.42
85,house,Querétaro,20.394361,-99.973053,120,73684.21
86,house,Baja California,32.453504,-117.038495,111,71911.21
88,house,Tabasco,23.634501,-102.552788,82,44736.84
89,house,Estado de México,19.619862,-99.146996,75,37037.11
91,house,Hidalgo,20.059035,-98.790359,240,142105.26
92,house,Estado de México,19.468129,-99.04049,86,42807.63
93,house,Yucatán,21.0424858,-89.5568382,200,91315.79
94,house,Guerrero,16.758369,-99.768737,136,134715.79
96,house,Nuevo León,25.6315927,-100.1953926,90,43157.89
97,apartment,Quintana Roo,21.15958774,-86.82220861,145,166315.79
98,apartment,Guerrero,16.860338,-99.870399,250,100000.0
99,apartment,Guerrero,16.86656582,-99.88082886,108,51578.95
100,apartment,Jalisco,20.685983,-103.447155,64,77368.42
101,house,Yucatán,21.0751632,-89.5167298,252,103945.63
102,apartment,Distrito Federal,19.376822,-99.174675,114,233473.68
103,apartment,Puebla,19.0303511,-98.3143192,102,97368.42
104,house,Distrito Federal,19.433274,-99.210758,304,231478.95
105,apartment,Distrito Federal,19.394358,-99.177444,100,229400.0
106,house,Yucatán,21.039522,-89.563911,146,76315.79
107,house,Morelos,18.8954874,-99.1732936,154,93684.21
108,house,Puebla,18.984862,-98.222234,289,226315.79
109,house,Yucatán,21.072905,-89.65963,90,63157.89
110,house,Morelos,18.813908,-99.201675,67,34210.53
111,house,Jalisco,20.424117,-103.29756,299,163157.89
112,house,Yucatán,21.0381057,-89.5933722,182,105000.0
113,house,Estado de México,19.28283025,-99.56667352,267,157894.74
115,house,Chihuahua,28.6464221,-106.0860628,233,155263.16
116,apartment,Estado de México,19.5652097,-99.2646998,87,97368.42
117,house,Estado de México,19.284855,-98.950752,80,69473.68
118,house,Nayarit,20.70506,-105.269812,101,65789.47
119,house,Distrito Federal,19.2753576,-99.1675547,370,263157.89
120,apartment,Veracruz de Ignacio de la Llave,19.137135,-96.112946,110,57894.74
121,house,Jalisco,20.675995,-103.420837,220,213157.89
122,house,Tamaulipas,22.3151894,-97.8573594,318,47368.42
124,apartment,Distrito Federal,19.436404,-99.173617,70,90014.95
125,house,Quintana Roo,21.095711,-86.869343,147,98368.42
126,house,Baja California,32.509445,-116.985857,104,78947.37
128,house,Jalisco,20.616705,-103.413612,105,65789.47
130,house,Sinaloa,23.215713,-106.418182,315,252631.58
131,house,Yucatán,21.039522,-89.563911,277,147368.42
132,house,Yucatán,21.072905,-89.65963,240,122894.74
133,house,Yucatán,21.072905,-89.65963,201,75210.53
134,apartment,Yucatán,21.015982,-89.705116,172,176315.79
135,apartment,San Luis Potosí,22.12590752,-100.9865534,103,53684.21
136,house,Querétaro,20.547674,-100.394761,110,51578.95
137,apartment,Jalisco,20.677448,-103.400405,135,236842.11
139,house,Veracruz de Ignacio de la Llave,20.9638852,-97.4124504,88,44736.84
140,apartment,Distrito Federal,19.4034054,-99.1825418,120,209311.05
141,house,Querétaro,20.3951106,-99.9856344,180,73684.21
142,house,Estado de México,19.536936,-99.22732,270,184210.53
143,apartment,Distrito Federal,19.453142,-99.180214,68,52631.58
144,house,Veracruz de Ignacio de la Llave,19.14966827,-96.12028599,150,71052.63
145,house,Distrito Federal,19.3434214,-99.1294848,280,314736.84
146,house,Hidalgo,20.099826,-98.772656,140,51842.11
147,house,Distrito Federal,19.473623,-99.124863,147,122419.26
149,apartment,Querétaro,20.5835963,-100.3729496,144,160263.16
150,house,Puebla,23.634501,-102.552788,173,139473.68
151,house,Querétaro,20.58787576,-100.446496,111,69684.21
152,house,Colima,19.232695,-103.696887,189,63157.89
153,apartment,Baja California,32.440475,-116.983772,70,36263.16
154,house,Veracruz de Ignacio de la Llave,19.513165,-96.898109,130,118421.05
155,house,Hidalgo,23.634501,-102.552784,140,78947.37
156,house,Chihuahua,28.6983446,-106.0940375,350,231578.95
157,house,Sinaloa,24.770091,-107.444782,155,76315.79
159,house,Tamaulipas,26.078394,-98.325452,80,44736.84
160,house,Sonora,28.95479589,-111.0455946,206,86842.11
161,house,Nuevo León,25.626854,-100.188538,170,78947.37
162,house,Querétaro,20.662301,-100.441093,235,131578.95
164,apartment,Quintana Roo,21.04980598,-86.85358784,178,205578.95
165,house,Chiapas,16.740425,-93.12841,170,94736.84
167,apartment,Distrito Federal,19.395097,-99.150424,65,53102.79
169,apartment,Morelos,18.960824,-99.268107,92,57894.74
170,house,Querétaro,20.7037,-100.462857,220,168421.05
171,house,Chihuahua,28.64073,-106.109581,300,197368.42
172,apartment,Distrito Federal,19.305233,-99.12269,75,47631.58
173,apartment,Estado de México,19.379597,-99.293808,80,166863.16
174,house,Estado de México,19.26183971,-99.58393506,195,136842.11
175,apartment,Distrito Federal,19.2753576,-99.1675547,101,173421.05
176,house,Durango,25.553129,-103.510059,187,42105.26
177,apartment,Morelos,18.93409,-99.254997,130,94736.84
178,house,Distrito Federal,19.346687,-99.011513,115,89210.53
179,house,Guerrero,16.838398,-99.897744,113,97368.42
181,house,Estado de México,19.482168,-99.264038,140,34021.74
183,house,Sinaloa,24.8427771,-107.3931108,117,47368.42
184,house,Quintana Roo,21.101317,-86.862888,182,134210.53
186,house,Quintana Roo,21.164147,-86.868479,330,197982.11
188,apartment,Nuevo León,25.647146,-100.356804,100,200000.0
189,house,Nuevo León,25.64423457,-100.2966356,228,142105.26
190,house,Sonora,29.0904798,-110.9747137,298,184210.53
192,house,Baja California Sur,24.15963233,-110.3057599,96,65789.47
193,house,Jalisco,20.784784,-103.471496,79,41052.63
194,house,Tamaulipas,22.2465535,-97.8721436,109,78947.37
195,house,Estado de México,19.569101,-99.303513,180,251578.95
197,house,Yucatán,21.039522,-89.563911,214,117894.74
198,house,Querétaro,20.555649,-100.38488,325,206315.79
199,apartment,Distrito Federal,19.405298,-99.164986,74,225263.16
200,apartment,Distrito Federal,19.258038,-99.161589,160,147368.42
201,house,Morelos,18.823669,-99.227295,165,86842.11
202,apartment,Distrito Federal,19.377171,-99.188503,75,106736.84
203,house,Yucatán,21.017197,-89.574516,206,113710.53
204,house,Morelos,18.892714,-99.1996,90,57894.74
205,house,Estado de México,19.636706,-99.101569,250,131578.95
206,house,Yucatán,21.039522,-89.563911,274,152368.42
208,house,Veracruz de Ignacio de la Llave,18.134026,-94.476112,235,165789.47
209,house,Yucatán,21.07671918,-89.62775633,155,67894.74
210,apartment,Distrito Federal,19.401509,-99.154034,90,116403.58
212,house,Tabasco,18.072582,-93.165413,350,66315.79
217,house,Yucatán,21.072905,-89.65963,190,97368.42
218,house,Tamaulipas,22.247913,-97.875565,263,127368.42
219,house,San Luis Potosí,22.148722,-101.00119,190,115789.47
220,house,Baja California,32.494743,-117.016784,92,51578.95
221,house,San Luis Potosí,22.18978923,-100.9525537,138,50000.0
222,house,Puebla,18.96295456,-98.27967882,222,151578.95
223,house,Morelos,18.8859084,-99.19064,110,86842.11
224,house,Chihuahua,28.643902,-106.130157,355,260526.32
225,apartment,Distrito Federal,19.347683,-99.165877,135,236842.11
226,apartment,Distrito Federal,19.375374,-99.137657,110,77894.74
227,house,Distrito Federal,19.52395,-99.152881,95,147631.58
228,house,Guerrero,16.757619,-99.767532,140,144736.84
229,house,Yucatán,21.075163,-89.516731,197,91052.63
230,house,Puebla,19.02038,-98.207626,380,205263.16
231,house,Aguascalientes,21.9243493,-102.2833909,140,35789.47
232,house,Quintana Roo,21.1351429,-86.837489,80,44736.84
233,apartment,Distrito Federal,19.39365,-99.14769,75,157489.47
234,house,Nuevo León,25.733049,-100.22847,200,69473.68
235,house,Baja California Sur,24.141701,-110.347267,275,184210.53
236,house,Jalisco,20.579091,-103.430379,164,86842.11
237,house,Nuevo León,25.731798,-100.349091,180,74234.37
238,house,Estado de México,19.672207,-99.015656,122,139473.68
239,apartment,Estado de México,19.401066,-99.277168,190,305263.16
240,house,Yucatán,21.00227,-89.5650908,131,69578.95
241,house,Quintana Roo,20.680066,-87.038345,208,176842.11
242,apartment,Guerrero,16.86483064,-99.87526059,61,44736.84
243,house,Jalisco,20.760167,-103.379168,83,44736.84
245,house,Yucatán,21.02838037,-89.56463993,174,35526.32
246,house,Tlaxcala,19.341597,-98.215828,180,168421.05
247,house,Veracruz de Ignacio de la Llave,25.596904,-103.4203,118,44736.84
248,house,Chiapas,19.665554,-101.235738,115,77631.58
251,house,Estado de México,19.650003,-99.220367,245,100000.0
252,house,Nuevo León,25.7708161,-100.4340179,100,60526.32
253,house,Tamaulipas,22.2331041,-97.861099,130,92105.26
254,house,Nuevo León,25.723276,-100.401518,278,240526.32
255,house,Puebla,19.044477,-98.328011,260,236842.11
256,house,Estado de México,19.562922,-99.254974,120,45789.47
257,apartment,Nuevo León,25.580088,-100.239685,130,104210.53
258,house,Puebla,19.055344,-98.212046,146,76315.79
259,house,Morelos,23.634501,-102.552788,290,221052.63
260,apartment,Distrito Federal,19.34189,-99.166374,80,97678.95
261,house,Estado de México,19.404718,-99.263313,139,252631.58
262,house,Querétaro,20.675023,-100.457086,304,273684.21
264,house,Estado de México,19.532259,-99.23214,220,204000.0
265,house,Tamaulipas,22.313122,-97.858559,193,50000.0
266,house,Tamaulipas,22.29275303,-97.89062485,88,60526.32
267,house,Morelos,18.864874,-98.925911,130,86842.11
268,house,Querétaro,20.726007,-100.442642,290,199473.68
270,house,Nayarit,20.7204378,-105.2706825,152,65789.47
271,house,Veracruz de Ignacio de la Llave,19.1368849,-96.1093008,130,57894.74
272,apartment,Estado de México,19.291351,-99.668945,85,48000.0
273,apartment,Morelos,18.9242095,-99.2215659,80,39473.68
274,apartment,Quintana Roo,21.152496,-86.869834,99,147368.42
275,house,Puebla,19.027103,-98.270025,166,83157.89
276,house,Nuevo León,25.56551,-100.223213,350,223684.21
278,house,Morelos,18.813505,-98.953514,140,63157.89
279,house,Yucatán,21.039522,-89.563911,253,120263.16
280,house,Morelos,18.804409,-98.959038,230,65789.47
282,house,Nuevo León,25.584658,-100.257912,350,262631.58
283,house,Estado de México,19.225745,-99.567856,270,207894.74
284,house,Jalisco,20.763189,-103.389053,95,81578.95
285,house,Distrito Federal,19.383512,-99.084804,115,94210.53
286,house,Jalisco,20.6460186,-105.2267944,160,126315.79
287,apartment,Distrito Federal,19.367025,-99.170349,85,165789.47
290,house,Querétaro,20.604974,-100.409786,110,52105.26
291,house,Aguascalientes,21.93248,-102.297005,305,192105.26
293,house,San Luis Potosí,22.133745,-101.016029,126,113105.26
294,apartment,Puebla,19.054064,-98.245911,87,46973.68
295,house,Puebla,19.0303511,-98.3143192,122,113684.21
296,house,Morelos,18.947784,-99.201675,300,242105.26
298,apartment,Distrito Federal,19.3418937,-99.2245237,145,244736.84
300,house,Veracruz de Ignacio de la Llave,20.963127,-97.385071,200,184210.53
301,house,Estado de México,19.550089,-99.214828,87,51000.0
303,house,Tamaulipas,22.307415,-97.859846,61,33684.21
304,house,Morelos,18.8879389,-99.0247871,76,68421.05
305,house,Yucatán,21.030668,-89.599258,144,86789.47
306,apartment,Veracruz de Ignacio de la Llave,19.10283721,-96.11123085,160,92105.26
307,house,Distrito Federal,19.353592,-99.177275,360,230842.11
310,house,Yucatán,21.01144518,-89.57977295,222,113157.89
311,house,Estado de México,19.263756,-99.540924,134,92105.26
312,house,Estado de México,19.415097,-98.918523,85,49473.68
313,house,Distrito Federal,19.471368,-99.08649,280,141052.63
315,house,Veracruz de Ignacio de la Llave,19.125807,-96.104954,251,139473.68
316,house,Distrito Federal,19.414261,-99.104118,167,236842.11
317,house,Baja California,32.469454,-117.003688,93,89421.05
318,house,Estado de México,19.5224961,-99.255074,230,227684.21
319,house,Yucatán,21.039522,-89.563911,181,97894.74
320,house,Quintana Roo,20.6295586,-87.0738851,143,127894.74
321,house,Veracruz de Ignacio de la Llave,19.17078,-96.12487,380,236842.11
322,house,Chiapas,16.756552,-93.181732,326,192217.47
323,house,Querétaro,20.5745579,-100.4129676,160,194736.84
324,house,Jalisco,20.62192,-103.259237,250,110526.32
325,apartment,Yucatán,21.06334852,-89.61303592,60,46789.47
326,house,Nuevo León,25.749624,-100.304192,172,121052.63
327,house,Puebla,19.036623,-98.190544,204,78947.37
328,house,Distrito Federal,19.358008,-99.127094,95,101157.89
329,house,Chiapas,19.701565,-101.270798,250,63157.89
330,apartment,Distrito Federal,19.415143,-99.14685,70,36421.05
331,house,Veracruz de Ignacio de la Llave,18.1479784,-94.4626507,157,121052.63
333,apartment,Guerrero,16.794599,-99.83012,230,207894.74
334,house,Querétaro,20.594322,-100.365929,298,173684.21
335,house,Morelos,18.919898,-98.978835,190,97368.42
336,house,Veracruz de Ignacio de la Llave,19.074387,-96.086259,245,151315.79
337,house,Guerrero,16.758724,-99.767563,142,100000.0
339,house,Estado de México,19.650003,-99.220367,132,137105.26
340,house,Estado de México,19.72876,-99.461708,90,70263.16
342,house,Jalisco,23.634501,-102.552788,127,84210.53
343,house,Yucatán,20.999449,-89.6334,300,228947.37
344,house,Yucatán,21.0411724,-89.5550539,215,98162.37
346,house,Puebla,19.105051,-98.243682,170,97368.42
347,apartment,Yucatán,21.0381057,-89.5933722,186,148739.68
348,house,Veracruz de Ignacio de la Llave,19.136782,-96.123543,210,89473.68
349,house,Baja California,32.63496,-115.391907,110,102631.58
350,house,Yucatán,21.039522,-89.563911,223,125926.68
351,house,Veracruz de Ignacio de la Llave,25.535009,-103.302429,350,42105.26
352,house,Nayarit,20.7053975,-105.2684878,101,65789.47
353,house,Veracruz de Ignacio de la Llave,25.659972,-103.366303,170,49473.68
354,house,Tamaulipas,22.2722052,-97.8476749,214,128947.37
355,house,Morelos,18.867191,-99.180214,184,86842.11
356,house,Querétaro,20.6962084,-100.4506587,120,76315.79
360,house,Distrito Federal,19.285162,-99.194185,150,110000.0
361,house,Estado de México,19.497893,-99.244125,250,234210.53
362,apartment,Guerrero,23.634501,-102.552788,170,157894.74
365,house,Sonora,23.634501,-102.552788,383,184210.53
366,house,Querétaro,20.389062,-99.957622,95,48947.37
367,apartment,Guerrero,16.828667,-99.858981,137,97368.42
368,house,Querétaro,20.705742,-100.444016,258,210526.32
369,apartment,Distrito Federal,19.35782,-99.149406,80,68157.89
370,house,Morelos,18.864874,-98.925911,121,65789.47
371,house,Distrito Federal,19.342911,-99.224472,120,171949.05
372,house,Estado de México,23.634501,-102.552788,228,149000.0
373,house,Sonora,29.063726,-110.976746,102,57894.74
374,house,Nuevo León,25.801826,-100.196945,190,104736.84
375,house,Querétaro,20.5951924,-100.3479663,180,120000.0
376,house,Puebla,19.059084,-98.286095,165,94736.84
377,house,Estado de México,23.634501,-102.552788,150,35368.42
378,apartment,Querétaro,20.726007,-100.442642,135,115789.47
379,house,Yucatán,21.0278699,-89.5880314,240,184210.53
380,house,Morelos,18.91473109,-98.94081116,140,118421.05
381,house,Yucatán,20.968147,-89.629875,70,78947.37
382,house,Nuevo León,25.674595,-100.463539,234,113157.89
384,house,Yucatán,21.039522,-89.563911,220,118421.05
385,house,Morelos,18.850763,-98.943855,160,84210.53
386,house,Querétaro,20.726007,-100.442642,250,194736.84
388,apartment,Puebla,19.056689,-98.237817,120,115789.47
389,house,Tamaulipas,22.270658,-97.849037,380,263157.89
390,house,Jalisco,20.748312,-103.429504,96,77631.58
393,house,Querétaro,20.614635,-100.416756,139,92105.26
394,house,San Luis Potosí,22.152988,-100.965364,250,115789.47
395,house,Yucatán,21.039522,-89.563911,220,94210.53
397,house,Nuevo León,25.723516,-100.393311,290,181263.16
398,house,Veracruz de Ignacio de la Llave,19.563767,-96.938694,300,228947.37
399,apartment,Distrito Federal,19.474885,-99.188231,92,71052.63
400,house,Morelos,18.8624622,-99.2120335,261,221052.63
401,house,Estado de México,19.508698,-98.875664,260,44789.47
402,house,Yucatán,20.968791,-89.5857147,228,66526.32
404,apartment,Estado de México,19.3735635,-99.2965778,126,142105.26
406,house,Tamaulipas,22.2453265,-97.8431699,131,73684.21
407,apartment,Distrito Federal,19.303392,-99.243225,80,52428.26
408,apartment,Guerrero,16.794434,-99.830807,256,307127.16
409,house,Tamaulipas,22.300137,-97.897331,111,63157.89
410,house,Jalisco,20.749051,-103.66731,300,147368.42
411,house,Veracruz de Ignacio de la Llave,26.847851,-101.424133,160,67026.32
412,house,Baja California,23.634501,-102.552788,115,42631.58
413,apartment,Puebla,19.02038,-98.207626,219,101315.79
414,house,Hidalgo,20.0519991,-98.755252,110,44736.84
415,house,Yucatán,21.0634817,-89.6110378,250,118421.05
416,house,Distrito Federal,19.399652,-99.16127,235,205263.16
417,house,Durango,24.043295,-104.636917,350,236842.11
419,house,Veracruz de Ignacio de la Llave,25.551631,-103.432737,236,39473.68
420,house,Querétaro,20.574251,-100.388476,195,63157.89
421,apartment,Distrito Federal,19.482603,-99.194748,60,78947.37
422,house,Morelos,18.953268,-99.224525,201,78947.37
423,apartment,Morelos,18.891611,-99.221756,93,49473.68
424,apartment,San Luis Potosí,22.1441622,-101.0358237,160,89421.05
425,house,Estado de México,19.2693686,-99.6021262,250,294736.84
428,house,Yucatán,21.0749983,-89.5195181,242,101884.21
429,house,Puebla,18.462721,-97.414111,250,144736.84
430,house,Estado de México,19.595285,-99.050201,120,36842.11
431,house,Sonora,27.934649,-110.94401,134,57894.74
432,house,Sinaloa,24.79119169,-107.3835468,300,144736.84
433,house,Distrito Federal,19.500286,-99.122093,180,118421.05
434,house,Yucatán,21.072905,-89.65963,253,110526.32
435,house,Tlaxcala,19.4171734,-98.1434147,140,44736.84
437,house,Yucatán,21.008295,-89.591019,250,158210.53
438,house,Morelos,18.864482,-98.928802,121,65789.47
439,house,Distrito Federal,19.366935,-99.077541,208,77089.47
440,house,San Luis Potosí,23.634501,-102.552788,198,110526.32
441,house,Chiapas,16.757278,-93.134056,255,165043.74
443,house,Nayarit,20.697244,-105.274384,160,155263.16
445,house,Puebla,19.02038,-98.207626,330,184210.53
446,house,Quintana Roo,21.1773896,-86.8179603,290,118421.05
447,house,Guerrero,16.855229,-99.918871,150,57894.74
448,house,Tabasco,17.97423,-92.923836,110,55263.16
450,house,Distrito Federal,19.313719,-99.231792,300,103684.21
451,house,Durango,25.58972991,-103.4631872,118,50000.0
452,house,Quintana Roo,21.161908,-86.8515279,204,157368.42
453,house,Yucatán,21.03071,-89.618103,131,71052.63
454,apartment,Distrito Federal,19.39912,-99.141464,74,175368.42
455,house,Yucatán,21.05632272,-89.66288656,220,105263.16
456,house,Estado de México,19.5139313,-99.2281847,160,106368.42
457,house,Querétaro,20.598278,-100.33121,140,92631.58
458,house,Sinaloa,23.270559,-106.389061,158,71052.63
459,house,Baja California Sur,23.634501,-102.552788,80,50000.0
461,apartment,Guerrero,16.85952231,-99.86284733,142,110526.32
462,house,Morelos,18.884224,-98.982506,150,46315.79
463,house,Morelos,18.862602,-99.213448,160,103157.89
464,apartment,Distrito Federal,19.40012,-99.1532,84,93368.42
465,house,Veracruz de Ignacio de la Llave,25.55617,-103.481529,307,110526.32
466,house,Veracruz de Ignacio de la Llave,25.573046,-103.443045,200,35789.47
467,house,Morelos,18.858107,-99.200287,105,72578.95
469,house,Chihuahua,28.6569304,-106.0919272,115,68421.05
470,house,Veracruz de Ignacio de la Llave,28.684125,-100.541089,160,44736.84
471,house,Tamaulipas,22.254078,-97.824554,140,60526.32
472,house,Chiapas,16.766455,-93.111488,240,67368.42
475,house,Querétaro,20.545198,-100.407191,140,55263.16
476,house,San Luis Potosí,22.18774276,-100.9580845,200,67631.58
477,house,Morelos,18.864874,-98.925911,86,46315.79
480,apartment,San Luis Potosí,22.133104,-100.982117,130,72631.58
481,house,Tamaulipas,26.079573,-98.282845,268,115789.47
482,apartment,Veracruz de Ignacio de la Llave,19.127317,-96.106186,160,152631.58
483,apartment,Distrito Federal,19.340305,-99.214455,60,121052.63
484,house,Estado de México,19.517476,-99.272892,170,97894.74
485,house,Estado de México,19.552838,-99.251161,80,44105.26
489,apartment,Distrito Federal,19.35743172,-99.28732574,67,139473.68
490,house,Estado de México,19.69323,-99.22522,70,53097.89
494,house,Distrito Federal,19.325944,-99.098311,250,107894.74
495,house,Jalisco,20.621093,-103.319042,380,194736.84
496,house,Baja California,32.647057,-115.421524,176,102631.58
497,house,San Luis Potosí,22.141575,-100.900192,245,84210.53
498,house,Puebla,18.978682,-98.250015,128,68421.05
499,house,Querétaro,20.619887,-100.392302,350,194736.84
500,house,Morelos,18.892714,-99.1996,285,197368.42
501,house,Tamaulipas,22.329824,-97.880325,200,184210.53
502,apartment,Distrito Federal,19.322523,-99.141464,78,150000.0
503,house,Chiapas,16.70635,-93.177151,115,53684.21
504,house,Estado de México,19.297163,-99.635183,230,105263.16
505,house,Veracruz de Ignacio de la Llave,20.95062266,-97.42163144,64,44736.84
506,house,Yucatán,20.9725515,-89.6004394,229,51578.95
507,house,Distrito Federal,19.317675,-99.09318,229,184210.53
508,house,Morelos,18.879347,-99.179871,95,71052.63
509,house,Durango,25.625198,-103.499954,132,45789.47
510,apartment,Distrito Federal,19.401507,-99.14682,90,91052.63
511,apartment,Distrito Federal,19.474285,-99.084981,74,36000.0
512,house,Morelos,18.928623,-99.247382,220,89473.68
513,house,Querétaro,20.520556,-99.895833,350,205263.16
515,house,Nuevo León,25.662563,-100.18013,350,157894.74
516,house,Sinaloa,23.246303,-106.398103,200,52631.58
517,house,Morelos,18.969294,-99.249802,198,136842.11
518,apartment,Guerrero,16.75063911,-99.76263069,70,43684.21
520,house,Distrito Federal,19.335116,-99.223332,90,171578.95
521,apartment,Distrito Federal,19.402944,-99.199727,70,61242.11
522,house,Estado de México,19.682219,-99.118782,188,163157.89
523,house,Nuevo León,25.7214602,-100.2735673,85,63157.89
524,house,Querétaro,20.5980665,-100.4308988,115,71052.63
525,house,Nuevo León,25.672399,-100.257777,123,64210.53
527,apartment,Distrito Federal,19.399815,-99.150806,90,120000.0
528,house,Yucatán,20.9550515,-89.6793392,120,41052.63
529,house,Chiapas,16.228815,-92.128043,147,68421.05
530,apartment,Jalisco,20.69064,-103.393175,166,274592.89
532,house,Estado de México,19.258327,-99.598374,215,247105.26
533,house,Querétaro,20.726007,-100.442642,295,273684.21
534,apartment,Distrito Federal,19.403334,-99.157755,125,241060.53
535,apartment,Baja California,32.451368,-116.973935,70,36092.11
536,house,Aguascalientes,21.901482,-102.34405,350,202631.58
537,house,Jalisco,20.302476,-103.23781,340,313105.26
538,house,Puebla,19.076204,-98.266733,117,71052.63
539,apartment,Distrito Federal,19.48778,-99.110583,65,52631.58
540,house,Distrito Federal,19.3176966,-99.0612554,100,109210.53
542,house,Quintana Roo,21.129547,-86.817017,180,97368.42
543,house,Puebla,19.046724,-98.254127,136,120252.63
544,apartment,Distrito Federal,19.352431,-99.288369,80,152631.58
545,house,Morelos,18.858107,-99.200287,92,52398.95
546,house,Querétaro,20.6536084,-100.3469826,130,88947.37
547,house,Nuevo León,25.7542524,-100.4034274,137,71052.63
549,house,Yucatán,21.006756,-89.570984,155,71052.63
550,house,Morelos,18.891621,-99.071698,68,41578.95
551,house,Distrito Federal,19.317653,-99.236291,350,176315.79
552,house,Tamaulipas,22.246319,-97.86264,163,113157.89
553,apartment,Distrito Federal,23.634501,-102.552788,100,78947.37
554,apartment,Distrito Federal,19.3651763,-99.2300641,66,65789.47
555,house,Querétaro,20.593055,-100.333424,175,94736.84
556,house,Nuevo León,25.6910283,-100.3568071,340,310526.32
557,house,Jalisco,20.594706,-103.396278,90,51578.95
558,house,Veracruz de Ignacio de la Llave,23.634501,-102.552788,148,81578.95
559,house,Puebla,18.989918,-98.2295,220,89473.68
560,house,Puebla,19.043993,-98.25757,188,78947.37
561,house,Hidalgo,20.1213329,-98.7818531,66,34210.53
563,house,Nayarit,20.733392,-105.288009,172,118421.05
564,apartment,Distrito Federal,19.400249,-99.177444,150,273684.21
566,house,Yucatán,21.023252,-89.614571,300,163157.89
567,house,Hidalgo,20.124367,-98.735725,176,82473.68
568,house,Veracruz de Ignacio de la Llave,25.510947,-103.357724,146,47368.42
569,apartment,Distrito Federal,19.480501,-99.178139,70,45789.47
570,house,Yucatán,21.030668,-89.599258,305,189473.68
571,house,Querétaro,20.679045,-100.341225,157,102631.58
572,house,Aguascalientes,21.9633957,-102.343524,146,41578.95
573,house,Baja California,32.469498,-116.96022,111,34210.53
575,house,Tamaulipas,22.329824,-97.880325,138,83157.89
576,apartment,Yucatán,21.039522,-89.563911,145,126296.53
577,house,Chiapas,19.701769,-101.145103,120,34210.53
578,apartment,Guerrero,16.870413,-99.873192,150,192105.26
580,house,Estado de México,19.765149,-98.646915,380,104736.84
581,apartment,Distrito Federal,19.372248,-99.133377,65,56571.16
582,house,Distrito Federal,19.280767,-99.033615,349,95343.42
584,apartment,Distrito Federal,19.389791,-99.164696,154,263157.89
585,house,Yucatán,21.039522,-89.563911,350,160526.32
586,house,Estado de México,19.668947,-99.224525,90,40000.0
587,house,Puebla,19.009069,-98.196693,148,89473.68
588,house,Baja California,32.494823,-117.016725,92,51578.95
589,apartment,Distrito Federal,19.314545,-99.140672,122,244736.84
590,house,San Luis Potosí,22.1447396,-101.0273412,166,100000.0
591,house,Jalisco,20.64338,-103.431613,120,71052.63
593,house,Baja California,30.733356,-115.984407,200,89473.68
594,house,Estado de México,19.553615,-99.248715,260,147368.42
595,apartment,Distrito Federal,19.405298,-99.164986,80,225263.16
596,house,Querétaro,20.5969621,-100.3337597,193,118421.05
598,house,Morelos,23.634501,-102.552788,115,56842.11
599,house,Distrito Federal,19.34016,-99.194081,90,79953.95
600,house,Yucatán,21.075163,-89.516731,185,75263.16
601,house,Tamaulipas,22.257896,-97.86808,200,142105.26
602,apartment,Guerrero,16.8531086,-99.8236533,138,68421.05
603,house,Puebla,19.027384,-98.265213,160,121052.63
604,house,Estado de México,19.309069,-99.602311,146,100000.0
606,house,Sinaloa,23.20485,-106.424401,200,118421.05
607,house,Chihuahua,28.631943,-106.117668,170,81578.95
608,house,Yucatán,21.0399331,-89.5965747,235,128218.68
610,house,Guerrero,16.8808724,-99.9359641,104,44736.84
611,house,Baja California Sur,24.125583,-110.330846,128,94210.53
613,house,Estado de México,19.269808,-99.593781,238,197368.42
614,apartment,Distrito Federal,19.41498,-99.177444,164,289473.68
615,house,Yucatán,20.996355,-89.583946,248,126315.79
616,house,Morelos,18.954132,-99.266083,85,55263.16
617,house,Estado de México,19.494789,-99.270887,151,105789.47
618,house,Guerrero,17.6474239,-101.5455504,119,125073.68
619,house,Estado de México,19.2666119,-99.6403991,191,115789.47
620,house,Quintana Roo,21.161908,-86.8515279,210,103947.37
621,apartment,Distrito Federal,19.377171,-99.188503,72,106736.84
622,apartment,Distrito Federal,19.2790911,-99.2114234,76,40593.79
623,house,Jalisco,20.660534,-103.318809,345,68421.05
624,house,Veracruz de Ignacio de la Llave,20.95618,-97.408578,112,105263.16
625,house,San Luis Potosí,22.141575,-100.900192,229,113084.21
626,apartment,Distrito Federal,19.443178,-99.20237,115,238684.21
627,house,Yucatán,21.05258302,-89.53863859,168,80711.37
628,house,Estado de México,19.621174,-99.148073,100,36842.11
629,house,Puebla,18.915431,-98.435252,200,99473.68
632,house,Tabasco,17.962037,-92.973569,139,65789.47
633,apartment,Distrito Federal,19.30102797,-99.14421916,108,86842.11
635,apartment,Veracruz de Ignacio de la Llave,20.949051,-97.364006,300,194736.84
636,house,Estado de México,19.627731,-99.30194,146,45789.47
637,house,Baja California Sur,24.03902146,-110.3097618,250,155263.16
638,house,Quintana Roo,21.112447,-86.85264,180,131578.95
639,apartment,Distrito Federal,19.451872,-99.173522,70,66842.11
640,house,Morelos,18.913485,-99.240456,80,68421.05
641,house,Morelos,18.840925,-98.934196,110,94736.84
642,apartment,Distrito Federal,19.3819271,-99.1891539,90,178447.37
643,house,Veracruz de Ignacio de la Llave,25.558637,-103.449786,250,115789.47
644,house,Jalisco,20.764135,-103.339958,140,84210.53
645,apartment,Distrito Federal,19.385989,-99.186285,107,79342.11
647,house,Chihuahua,28.6329957,-106.0691004,290,195526.32
648,house,Puebla,18.996482,-98.239653,100,39473.68
649,apartment,Distrito Federal,19.401507,-99.14682,65,91052.63
650,house,Querétaro,20.726007,-100.442642,135,115789.47
651,house,Morelos,18.795519,-99.231445,165,93684.21
652,house,Morelos,18.885848,-98.973834,82,75694.74
656,house,Querétaro,20.403807,-99.990905,110,62105.26
657,house,San Luis Potosí,22.134478,-100.929138,97,40789.47
659,house,Estado de México,19.5562275,-99.2674713,64,52631.53
660,apartment,Querétaro,20.726007,-100.442642,173,231578.95
661,house,Nuevo León,25.757803,-100.404541,179,99473.68
662,house,San Luis Potosí,22.1593377,-101.0443504,187,100000.0
663,house,Querétaro,20.726007,-100.442642,180,127894.74
664,house,Distrito Federal,19.475765,-99.145,270,131578.95
665,house,Querétaro,20.6490506,-100.4393293,380,300000.0
666,house,Puebla,19.060701,-98.329774,255,139473.68
667,house,Veracruz de Ignacio de la Llave,25.365447,-100.9942,167,76000.0
668,apartment,Guerrero,23.634501,-102.552788,180,105263.16
669,house,Baja California,32.589504,-115.363762,86,41578.95
670,apartment,Distrito Federal,19.383952,-99.160229,110,176327.37
671,house,Puebla,18.97302,-98.206238,210,150000.0
672,apartment,Baja California Sur,24.16478214,-110.3053683,71,42105.26
673,apartment,Yucatán,21.072905,-89.65963,210,104013.16
678,house,Nuevo León,25.758963,-100.316811,175,65789.47
679,house,Puebla,19.0378006,-98.3007086,165,111578.95
681,house,Distrito Federal,19.3870644,-99.0362059,300,134210.53
682,house,Estado de México,19.5329337,-99.164866,290,244736.84
684,house,Tlaxcala,19.29712,-98.255075,160,68421.05
687,house,Morelos,23.634501,-102.552788,110,68421.05
688,house,Querétaro,20.70706703,-100.4718161,309,194736.84
689,house,Puebla,19.046589,-98.102929,92,33157.89
690,house,Nuevo León,25.7394971,-100.2754971,164,65789.47
691,house,Veracruz de Ignacio de la Llave,19.100079,-96.121007,220,150000.0
693,house,San Luis Potosí,22.147087,-100.960213,105,57894.74
695,house,Guanajuato,21.1264477,-101.611078,250,120526.32
696,house,Morelos,18.917542,-98.963181,140,76315.79
697,house,Distrito Federal,19.472128,-99.146697,190,102263.16
698,house,Estado de México,19.234984,-99.558175,115,110526.32
699,house,Puebla,18.9187144,-98.4266391,90,46842.11
700,house,Yucatán,21.075163,-89.516731,185,89210.53
1,apartment,Distrito Federal,19.52589,-99.151703,71,48550.59
2,house,Estado de México,19.2640539,-99.5727534,233,168636.73
3,house,Estado de México,19.268629,-99.671722,300,86932.69
5,apartment,Veracruz de Ignacio de la Llave,19.511938,-96.871956,84,68508.67
6,house,Jalisco,20.689157,-103.366728,175,102763.0
10,house,,,,223,126477.54
11,house,,,,179,121207.64
12,house,,,,205,226869.1
13,house,,,,130,76395.4
14,apartment,,,,67,50052.15
15,apartment,,,,80,51076.22
16,house,,,,263,152932.43
17,house,,,,367,216014.58
18,apartment,,,,60,34246.21
19,apartment,,,,120,100104.31
21,house,,,,320,158059.45
22,house,,,,122,103500.79
23,apartment,,,,191,237145.4
24,house,,,,220,104319.23
25,apartment,,,,153,65633.66
26,house,,,,205,90115.25
27,house,,,,120,110667.85
28,house,,,,115,62585.3
29,house,,,,260,91674.48
30,apartment,,,,107,79443.7
31,house,,,,192,115910.26
32,house,,,,106,52686.48
33,house,,,,190,150192.08
35,apartment,,,,103,50942.31
36,house,,,,171,105397.95
37,apartment,,,,203,189716.32
38,apartment,,,,140,273969.71
39,house,,,,160,157532.58
40,house,,,,200,173865.39
41,apartment,,,,75,56689.55
42,house,,,,149,100104.31
43,apartment,,,,117,144922.18
44,house,,,,293,110667.85
45,house,,,,233,99577.45
46,house,,,,280,92201.34
47,house,,,,160,92130.98
48,house,,,,190,99050.58
49,house,,,,200,98523.72
50,house,,,,300,52686.48
52,house,,,,180,123842.59
53,house,,,,117,142253.5
54,apartment,,,,83,68245.17
55,apartment,,,,104,103370.88
56,house,,,,350,242357.82
57,apartment,,,,100,79029.72
59,house,,,,198,123813.23
60,house,,,,280,55039.77
62,house,,,,168,92201.34
63,apartment,,,,75,81683.41
65,house,,,,200,115910.26
66,apartment,,,,80,53158.13
67,house,,,,305,189716.32
68,house,,,,90,57955.13
70,house,,,,152,105397.95
71,apartment,,,,144,100128.05
73,apartment,,,,87,173490.81
74,house,,,,84,49986.51
75,house,,,,90,55320.8
76,house,,,,190,165962.42
77,house,,,,135,89587.99
78,house,,,,200,120652.04
79,house,,,,260,158059.45
80,apartment,,,,125,210745.93
81,apartment,,,,113,153686.47
82,apartment,,,,127,131747.44
83,apartment,,,,63,36817.31
84,house,,,,272,210795.91
85,house,,,,95,52698.97
86,house,,,,180,72724.58
87,house,,,,212,44256.64
89,house,,,,248,151210.2
91,house,,,,198,131716.2
92,house,,,,245,147557.13
93,house,,,,140,162801.23
94,house,,,,158,86247.77
95,house,,,,200,134382.39
96,house,,,,100,44730.82
97,apartment,,,,67,35826.8
99,house,,,,270,250260.79
100,house,,,,282,68508.67
102,house,,,,350,115910.26
104,house,,,,108,35036.51
105,house,,,,162,83226.17
107,house,,,,145,115910.26
108,house,,,,190,124633.08
110,house,,,,80,132559.19
111,house,,,,330,184402.69
112,apartment,,,,83,52574.87
113,house,,,,135,78521.47
114,house,,,,340,289775.66
115,apartment,,,,174,89430.16
116,house,,,,93,59022.85
117,apartment,,,,102,177267.41
118,house,,,,144,71126.75
119,apartment,,,,70,79029.72
120,house,,,,200,123842.59
122,house,,,,140,84298.37
124,house,,,,123,85178.23
125,house,,,,150,86932.69
126,house,,,,74,33350.54
127,house,,,,300,237089.17
128,apartment,,,,164,184446.42
129,house,,,,220,136984.85
130,apartment,,,,129,137017.34
131,house,,,,71,36353.67
133,house,,,,290,115910.26
134,house,,,,280,205477.28
135,house,,,,182,68492.42
136,house,,,,329,104343.97
137,house,,,,110,59022.85
138,house,,,,310,237145.4
140,house,,,,250,68492.42
141,apartment,,,,81,149629.61
142,house,,,,210,85949.19
143,apartment,,,,150,222924.2
144,house,,,,96,138598.31
145,house,,,,260,122525.12
146,house,,,,239,138334.81
147,house,,,,275,163328.09
150,apartment,,,,192,121207.64
151,house,,,,260,68492.42
152,house,,,,126,77467.49
153,house,,,,190,63223.78
155,house,,,,230,289775.66
156,house,,,,182,326733.66
157,house,,,,206,168596.74
159,house,,,,125,60589.45
160,house,,,,210,202842.96
161,apartment,,,,132,93781.94
162,house,,,,116,84087.62
163,house,,,,102,33982.78
164,house,,,,370,192305.66
165,house,,,,195,91632.19
167,apartment,,,,100,55847.67
168,house,,,,130,68492.42
169,house,,,,232,125393.83
170,house,,,,90,136405.3
171,house,,,,168,104319.23
172,house,,,,162,57955.13
173,house,,,,165,111331.75
174,house,,,,171,141199.77
175,house,,,,168,67438.69
176,house,,,,98,43213.16
177,house,,,,260,163328.09
179,house,,,,150,205526.01
180,apartment,,,,60,46943.65
181,house,,,,300,289775.66
182,house,,,,156,99577.45
183,house,,,,256,184446.42
184,house,,,,330,171271.67
185,house,,,,220,205477.28
186,house,,,,182,81664.04
187,house,,,,164,62711.78
189,house,,,,162,47417.83
190,house,,,,120,51369.32
191,house,,,,317,173906.62
192,house,,,,185,146995.28
193,house,,,,220,184446.42
194,apartment,,,,91,101182.03
195,house,,,,96,57705.38
196,apartment,,,,120,163366.83
197,house,,,,180,184446.42
198,house,,,,180,102738.64
199,house,,,,90,68245.17
201,house,,,,243,200208.63
202,house,,,,170,38470.25
203,apartment,,,,83,147522.15
204,house,,,,239,226551.88
205,house,,,,200,115410.76
206,house,,,,335,250260.79
208,house,,,,210,141990.07
210,apartment,,,,90,57428.26
211,apartment,,,,75,34254.33
212,apartment,,,,117,140741.38
214,house,,,,147,92750.2
215,apartment,,,,134,173865.39
216,house,,,,133,76150.02
219,house,,,,69,44783.51
220,house,,,,101,210795.91
221,house,,,,350,262115.25
222,apartment,,,,130,171231.07
223,house,,,,180,86932.69
224,house,,,,200,70283.76
225,house,,,,254,171271.67
226,house,,,,279,131716.2
228,house,,,,110,73234.21
229,house,,,,73,43729.78
230,apartment,,,,70,41680.96
231,house,,,,380,257531.53
233,house,,,,298,168069.88
234,apartment,,,,63,36817.31
237,apartment,,,,180,237145.4
238,house,,,,354,266975.89
239,apartment,,,,76,84298.37
241,apartment,,,,75,105397.95
242,house,,,,240,183348.96
243,house,,,,172,86953.31
244,apartment,,,,113,153686.47
245,house,,,,155,52159.61
246,apartment,,,,82,154987.69
247,house,,,,110,84298.37
248,apartment,,,,63,113302.8
249,house,,,,60,34773.07
250,house,,,,254,147557.13
252,house,,,,264,172852.64
253,house,,,,192,126477.54
254,house,,,,72,35988.5
255,apartment,,,,70,107322.36
256,house,,,,197,49999.47
257,house,,,,105,50517.24
259,apartment,,,,105,93856.88
260,apartment,,,,70,41095.45
261,house,,,,140,42623.36
262,house,,,,97,50052.15
264,apartment,,,,129,92750.2
265,house,,,,73,37670.83
266,apartment,,,,100,313695.32
267,apartment,,,,68,49051.11
268,house,,,,220,165172.12
269,apartment,,,,70,121178.91
270,apartment,,,,155,226551.88
271,house,,,,354,208111.61
272,house,,,,80,127880.63
273,apartment,,,,80,44794.13
274,apartment,,,,133,59426.13
275,house,,,,192,125920.69
276,apartment,,,,80,91411.04
277,apartment,,,,185,157917.19
278,house,,,,211,81137.18
279,house,,,,250,105397.95
280,apartment,,,,145,81664.04
282,house,,,,180,110667.85
283,house,,,,299,231820.52
284,house,,,,140,47417.83
285,house,,,,240,138058.14
286,apartment,,,,102,187081.37
288,house,,,,187,134350.53
289,apartment,,,,70,66911.83
290,house,,,,239,132769.93
291,apartment,,,,72,40645.77
292,house,,,,84,65858.1
293,house,,,,151,237145.4
294,house,,,,177,115937.75
295,apartment,,,,116,171231.07
298,apartment,,,,60,38812.39
300,house,,,,181,129112.49
302,house,,,,175,115937.75
303,house,,,,370,316193.86
304,apartment,,,,73,106110.57
305,house,,,,220,150156.47
306,house,,,,235,171231.07
307,house,,,,176,62170.05
308,house,,,,170,95499.52
309,house,,,,73,36783.88
310,house,,,,185,189716.32
311,house,,,,200,228450.07
312,house,,,,127,131747.44
314,house,,,,110,143834.1
315,house,,,,281,152790.8
318,apartment,,,,75,34421.81
320,apartment,,,,72,48471.56
321,house,,,,185,82717.77
322,house,,,,120,63223.78
323,house,,,,200,158059.45
324,house,,,,168,115937.75
325,apartment,,,,144,79048.46
326,house,,,,90,131716.2
327,house,,,,182,68492.42
329,apartment,,,,91,79029.72
330,house,,,,76,35826.8
331,apartment,,,,75,36882.11
332,house,,,,245,92201.34
333,apartment,,,,120,59711.33
334,apartment,,,,140,73234.21
335,house,,,,348,155425.12
336,house,,,,300,142253.5
337,house,,,,290,208111.61
339,house,,,,180,50064.02
340,house,,,,162,89567.02
341,house,,,,190,94331.17
342,house,,,,300,207057.88
343,house,,,,215,163366.83
344,house,,,,80,34246.21
345,house,,,,160,115937.75
346,house,,,,271,179134.04
347,house,,,,169,84054.87
349,apartment,,,,80,85899.33
351,house,,,,230,131716.2
352,house,,,,167,68492.42
353,house,,,,349,200256.11
354,house,,,,272,260798.09
355,house,,,,347,292796.2
356,house,,,,305,194986.21
357,house,,,,270,255590.04
360,house,,,,75,35563.37
362,house,,,,218,255529.44
363,house,,,,340,250260.79
364,house,,,,170,123842.59
365,house,,,,240,115937.75
366,house,,,,100,57287.8
367,house,,,,130,119651.0
368,apartment,,,,76,34245.11
370,house,,,,106,105372.96
371,house,,,,278,183875.82
372,house,,,,285,231875.5
373,house,,,,300,200208.63
374,apartment,,,,85,76740.25
375,house,,,,137,83264.38
376,house,,,,160,154371.39
377,house,,,,94,55333.92
378,house,,,,220,165962.42
379,apartment,,,,80,131400.09
380,house,,,,100,50052.15
381,apartment,,,,92,142253.5
382,house,,,,270,231820.52
383,apartment,,,,107,215482.45
384,house,,,,280,110351.66
387,house,,,,350,226551.88
388,apartment,,,,69,38461.13
389,apartment,,,,60,39146.05
390,house,,,,151,115910.26
391,house,,,,160,84318.36
392,house,,,,200,129081.88
393,house,,,,300,134350.53
394,house,,,,150,35308.31
395,house,,,,330,290434.24
396,house,,,,102,61643.18
399,house,,,,200,121705.77
400,apartment,,,,94,51118.0
401,house,,,,160,111194.84
402,house,,,,174,82842.79
404,apartment,,,,69,84298.37
405,house,,,,210,118572.7
406,apartment,,,,110,262378.68
408,house,,,,380,289775.66
409,house,,,,132,86953.31
410,house,,,,165,71126.75
411,house,,,,300,179239.41
412,apartment,,,,145,115437.11
413,apartment,,,,126,175924.99
414,house,,,,80,46715.31
415,house,,,,180,118572.7
416,house,,,,194,76395.4
417,house,,,,185,97469.99
418,house,,,,300,98787.15
419,apartment,,,,80,53158.18
420,apartment,,,,64,76395.4
421,house,,,,95,38461.13
423,house,,,,232,139652.29
424,house,,,,192,173906.62
425,apartment,,,,60,34983.82
426,apartment,,,,131,77467.49
427,house,,,,240,97469.99
428,house,,,,356,288721.93
429,house,,,,150,57968.87
430,house,,,,110,138934.25
431,apartment,,,,70,49273.54
432,house,,,,357,210745.93
434,house,,,,256,60603.82
435,house,,,,300,162393.9
436,house,,,,204,135963.36
437,house,,,,190,102369.83
438,house,,,,139,252895.12
440,house,,,,115,46890.97
441,house,,,,90,60603.82
442,apartment,,,,85,94835.67
443,house,,,,70,34254.33
445,house,,,,90,37353.34
446,house,,,,200,79029.72
447,house,,,,300,147522.15
448,house,,,,380,200256.11
450,house,,,,92,51632.75
451,house,,,,290,152790.8
452,house,,,,90,52686.48
453,house,,,,136,79048.46
455,apartment,,,,174,143868.21
456,apartment,,,,65,135225.12
458,house,,,,343,191620.74
460,house,,,,176,110140.86
461,apartment,,,,145,123813.23
462,house,,,,100,184402.69
463,house,,,,90,242357.82
464,house,,,,140,51632.75
465,house,,,,250,150192.08
466,house,,,,80,36889.28
467,house,,,,202,150894.08
468,house,,,,299,194939.99
470,house,,,,100,115910.26
471,house,,,,182,108559.89
472,apartment,,,,62,50591.01
473,house,,,,200,158096.93
474,house,,,,106,38724.56
475,house,,,,150,93781.94
476,house,,,,161,52633.79
477,house,,,,266,144700.85
479,house,,,,250,242357.82
481,apartment,,,,83,115910.26
482,house,,,,175,126214.05
483,house,,,,270,229186.2
484,apartment,,,,88,100104.31
485,house,,,,145,102738.64
487,house,,,,350,161258.87
490,house,,,,68,43202.91
491,house,,,,210,155425.12
493,apartment,,,,127,289775.66
494,apartment,,,,70,44048.85
495,apartment,,,,82,154898.26
498,house,,,,172,50157.53
500,apartment,,,,83,177695.7
501,apartment,,,,87,84318.36
503,house,,,,200,92223.21
504,house,,,,235,146995.28
505,house,,,,218,118572.7
507,house,,,,184,93804.18
508,apartment,,,,79,137017.34
509,house,,,,293,158059.45
510,apartment,,,,144,90620.75
511,house,,,,374,247421.7
512,house,,,,140,73778.56
513,house,,,,92,64556.24
514,house,,,,200,108007.29
515,house,,,,80,44783.51
516,house,,,,250,292900.92
517,house,,,,180,168596.74
518,house,,,,254,139652.29
520,apartment,,,,60,35890.24
521,apartment,,,,78,150830.86
522,house,,,,126,68492.42
523,house,,,,350,210745.93
524,house,,,,156,86953.31
525,house,,,,227,125920.69
526,house,,,,102,61643.18
527,house,,,,160,106127.01
529,house,,,,270,164947.8
530,house,,,,204,94835.67
531,house,,,,80,34246.21
532,house,,,,130,47417.83
533,house,,,,195,94858.16
535,house,,,,350,237145.4
537,house,,,,109,45848.11
538,house,,,,67,34254.33
539,house,,,,361,194939.99
540,house,,,,311,240884.28
541,house,,,,243,101445.53
542,house,,,,245,78502.86
543,house,,,,180,76413.51
544,house,,,,150,168596.74
545,house,,,,150,45057.62
546,house,,,,78,51632.75
547,apartment,,,,90,53832.41
548,house,,,,175,118544.58
549,house,,,,160,99577.45
552,house,,,,70,46469.47
553,house,,,,140,73778.56
554,house,,,,200,289775.66
555,house,,,,80,39514.86
556,apartment,,,,93,76413.51
557,house,,,,140,68508.67
558,house,,,,100,36880.53
559,house,,,,301,274034.68
560,house,,,,325,187081.37
562,apartment,,,,100,71653.61
564,house,,,,190,97493.1
565,house,,,,110,67860.19
567,house,,,,190,88513.29
568,house,,,,177,80083.45
569,house,,,,197,147557.13
570,house,,,,320,150192.08
571,house,,,,80,47944.7
572,house,,,,82,36248.3
574,house,,,,99,75783.82
575,apartment,,,,208,131716.2
576,house,,,,290,126477.54
577,house,,,,178,51644.99
578,house,,,,340,262440.91
579,house,,,,85,35826.8
580,apartment,,,,102,46364.1
582,house,,,,150,94835.67
584,house,,,,104,33192.48
585,house,,,,270,163328.09
586,apartment,,,,119,115814.11
587,house,,,,125,73761.07
588,house,,,,139,97469.99
591,house,,,,360,178607.18
593,apartment,,,,70,54235.15
595,house,,,,150,51105.88
596,apartment,,,,84,115910.26
597,house,,,,180,79029.72
599,house,,,,120,71143.62
600,apartment,,,,142,91169.23
601,apartment,,,,65,44178.77
602,house,,,,200,152790.8
603,house,,,,200,121207.64
604,house,,,,131,47417.83
606,house,,,,200,104319.23
607,apartment,,,,93,57884.47
609,house,,,,202,121207.64
610,house,,,,370,200256.11
611,house,,,,86,52605.29
612,apartment,,,,63,44794.13
614,apartment,,,,95,84313.09
615,house,,,,290,236091.42
616,apartment,,,,128,85878.96
617,house,,,,120,59535.72
618,house,,,,180,81664.04
619,house,,,,198,53666.55
620,house,,,,377,224339.55
621,apartment,,,,92,67438.69
622,house,,,,100,80083.45
623,apartment,,,,82,62696.91
625,house,,,,105,46627.53
626,house,,,,79,42941.43
627,house,,,,123,41095.45
628,apartment,,,,79,80015.91
629,house,,,,376,263432.41
630,apartment,,,,70,85668.22
631,house,,,,105,55847.67
633,house,,,,200,229240.55
634,house,,,,160,121178.91
635,house,,,,133,67438.69
636,house,,,,250,63238.77
637,house,,,,100,127584.22
638,house,,,,113,57955.13
639,house,,,,130,99601.06
640,house,,,,211,165467.83
641,house,,,,200,77994.48
642,apartment,,,,84,52686.48
643,house,,,,179,94203.43
644,house,,,,251,187037.01
645,house,,,,115,81683.41
646,apartment,,,,65,163064.66
647,house,,,,169,55333.92
651,house,,,,350,193359.39
652,house,,,,309,158096.93
653,house,,,,200,72865.4
654,house,,,,98,36090.24
655,house,,,,83,45447.36
656,house,,,,275,167543.01
657,house,,,,286,183875.82
659,house,,,,70,35299.94
660,house,,,,190,55320.8
661,house,,,,75,70757.94
662,house,,,,236,115910.26
663,apartment,,,,195,289775.66
664,house,,,,150,110969.16
665,house,,,,274,173906.62
667,house,,,,81,44256.64
668,house,,,,186,118544.58
669,apartment,,,,100,159320.71
670,house,,,,200,63223.78
673,house,,,,350,252895.12
674,house,,,,90,37934.26
675,apartment,,,,104,92201.34
676,house,,,,229,157690.64
677,apartment,,,,76,43729.78
678,apartment,,,,60,84845.35
679,apartment,,,,100,43202.91
681,house,,,,85,57968.87
682,house,,,,275,316118.9
683,house,,,,195,91632.19
684,house,,,,205,88513.29
685,apartment,,,,80,65120.49
686,house,,,,150,92223.21
687,house,,,,120,44783.51
688,apartment,,,,84,71653.61
689,apartment,,,,60,105372.96
690,house,,,,180,63223.78
691,apartment,,,,60,36260.68
692,house,,,,95,44794.13
693,apartment,,,,110,121863.83
694,house,,,,120,105372.96
695,house,,,,140,51632.75
696,house,,,,175,121178.91
697,house,,,,100,47417.83
698,house,,,,81,39524.23
699,house,,,,360,245050.24
700,house,,,,115,110667.85
